weather_condition,temperature_C,traffic_congestion_index,precipitation_mm,peak_hour,weekday,season,delayed
Storm,5.1,81,13.0,1,6,Winter,0
Rain,34.0,53,11.4,0,6,Autumn,1
Clear,29.5,67,14.1,0,6,Autumn,0
Clear,27.4,84,6.4,0,6,Winter,1
Snow,0.1,46,18.5,0,6,Spring,1
Rain,25.2,41,2.3,0,6,Spring,0
Storm,3.6,22,6.4,1,6,Spring,1
Clear,34.1,85,0.6,0,6,Spring,1
Clear,-2.9,64,5.4,0,6,Summer,1
Fog,9.1,88,4.4,0,6,Summer,0
Snow,12.1,53,1.0,0,6,Winter,1
Cloudy,28.0,91,9.8,0,6,Summer,1
Clear,25.6,10,9.4,0,6,Summer,0
Storm,10.0,62,1.6,1,6,Summer,1
Storm,17.6,21,5.2,0,6,Winter,0
Fog,28.4,53,19.1,0,6,Summer,1
Storm,-4.3,88,2.2,0,6,Spring,1
Fog,27.1,84,6.1,0,6,Spring,1
Clear,32.9,35,0.7,1,6,Winter,1
Clear,-3.7,57,3.0,0,6,Winter,1
Clear,-3.2,19,14.0,0,6,Winter,1
Clear,8.8,15,7.3,0,6,Autumn,1
Cloudy,-1.5,91,9.0,0,6,Summer,1
Snow,14.2,55,3.1,1,6,Winter,1
Snow,24.1,92,13.6,0,6,Winter,1
Cloudy,17.7,49,15.0,0,6,Winter,0
Clear,2.9,89,3.6,0,6,Spring,0
Storm,21.2,65,0.9,0,6,Winter,1
Fog,22.4,73,1.6,0,6,Spring,1
Snow,32.3,12,13.1,1,6,Spring,0
Rain,0.9,14,2.7,0,6,Autumn,0
Fog,22.7,72,9.9,1,6,Winter,1
Rain,31.5,26,3.1,0,6,Autumn,1
Rain,15.1,7,3.4,1,6,Winter,0
Clear,9.5,69,0.1,0,6,Summer,1
Rain,1.8,99,6.4,0,6,Winter,1
Clear,29.7,49,1.8,1,6,Winter,1
Cloudy,10.8,87,7.9,0,6,Winter,1
Storm,32.0,66,12.0,0,6,Winter,1
Rain,28.9,25,7.4,1,6,Winter,1
Storm,10.1,35,14.1,0,6,Winter,0
Clear,18.0,20,14.8,0,6,Autumn,1
Rain,-3.9,76,13.9,1,6,Summer,1
Fog,5.5,51,18.7,1,6,Autumn,0
Cloudy,23.4,10,4.7,1,6,Summer,0
Snow,22.1,7,3.8,0,6,Autumn,1
Cloudy,9.1,56,12.2,0,6,Autumn,1
Rain,27.3,45,11.9,1,6,Winter,1
Cloudy,4.4,77,10.2,0,6,Autumn,0
Snow,13.5,96,0.1,1,6,Summer,1
Fog,13.9,1,11.1,0,6,Spring,1
Storm,8.6,63,18.7,0,6,Summer,1
Fog,33.2,51,6.7,0,6,Autumn,0
Cloudy,22.9,64,19.4,1,6,Spring,0
Snow,16.6,10,7.1,0,6,Winter,0
Storm,15.4,5,2.8,1,6,Spring,1
Snow,1.4,95,8.0,1,6,Winter,0
Fog,9.9,78,9.9,1,6,Summer,1
Clear,21.9,75,12.6,1,6,Spring,1
Clear,32.0,63,10.1,1,6,Spring,0
Storm,27.7,92,10.7,1,6,Spring,1
Storm,7.0,54,0.5,0,6,Winter,1
Storm,12.4,43,5.1,0,6,Winter,1
Clear,-1.7,85,6.2,0,6,Summer,1
Fog,-0.9,13,19.7,0,6,Summer,1
Storm,13.8,82,5.9,0,6,Autumn,1
Clear,16.2,4,17.9,0,6,Winter,1
Storm,5.6,98,6.1,1,6,Summer,0
Storm,20.7,24,1.9,0,6,Spring,1
Snow,23.1,49,5.0,0,6,Spring,1
Storm,7.0,72,5.5,1,6,Spring,1
Clear,25.3,70,19.6,0,6,Summer,1
Fog,3.2,81,13.5,0,6,Spring,1
Clear,16.8,1,18.6,1,6,Spring,1
Clear,27.2,9,16.7,0,6,Winter,1
Storm,16.5,1,11.6,0,6,Winter,0
Snow,31.3,59,13.5,0,0,Summer,1
Rain,-2.7,44,12.5,0,0,Winter,1
Rain,18.5,7,13.3,1,0,Autumn,1
Rain,17.5,57,5.3,0,0,Summer,0
Clear,21.4,6,8.2,1,0,Autumn,1
Storm,28.3,98,11.9,0,0,Autumn,1
Rain,24.0,86,0.7,0,0,Summer,1
Cloudy,26.6,71,9.7,1,0,Winter,1
Cloudy,6.6,20,17.2,1,0,Winter,1
Cloudy,10.5,96,9.8,0,0,Summer,1
Fog,20.1,46,11.0,0,0,Autumn,1
Storm,17.1,0,4.0,1,0,Summer,1
Clear,33.4,11,15.9,0,0,Summer,1
Clear,2.5,74,7.2,0,0,Spring,1
Storm,9.1,47,19.1,1,0,Spring,1
Snow,17.9,93,19.9,0,0,Autumn,1
Snow,29.7,3,18.3,0,0,Winter,1
Fog,32.2,33,1.7,0,0,Spring,1
Storm,8.4,86,6.7,1,0,Spring,1
Snow,-2.3,31,18.9,0,0,Autumn,0
Fog,11.9,2,16.1,1,0,Summer,1
Rain,10.8,91,18.2,0,0,Spring,1
Rain,34.5,67,11.5,0,0,Winter,1
Fog,12.2,56,9.6,0,0,Autumn,0
Storm,7.2,75,2.1,0,0,Spring,1
Rain,9.6,23,16.8,0,0,Autumn,1
Storm,10.9,32,14.9,0,0,Spring,1
Snow,27.9,2,1.2,1,0,Spring,0
Rain,-1.8,3,4.2,1,0,Autumn,1
Snow,7.7,29,11.1,0,0,Winter,1
Storm,33.7,69,13.7,1,0,Winter,1
Storm,1.1,48,2.8,0,0,Summer,1
Cloudy,24.7,29,4.9,0,0,Spring,1
Fog,9.3,71,3.9,0,0,Summer,1
Clear,18.3,81,4.4,0,0,Autumn,0
Fog,-1.0,15,18.4,0,0,Summer,1
Storm,7.3,52,14.3,0,0,Autumn,1
Storm,15.0,5,14.7,0,0,Winter,1
Fog,4.3,23,15.9,0,0,Autumn,1
Storm,16.7,91,7.1,1,0,Autumn,1
Snow,3.8,95,15.3,1,0,Summer,1
Rain,21.0,88,19.6,0,0,Spring,1
Storm,31.2,27,14.0,1,0,Summer,1
Fog,-1.6,20,8.3,0,0,Winter,1
Fog,3.7,7,14.3,1,0,Winter,1
Fog,28.8,35,18.0,0,0,Winter,1
Cloudy,20.3,8,2.6,0,0,Spring,1
Snow,-1.9,39,5.3,0,0,Summer,1
Snow,14.5,84,18.4,0,0,Autumn,0
Cloudy,3.4,50,18.9,0,0,Autumn,1
Snow,3.0,0,9.7,0,0,Spring,1
Cloudy,32.6,62,7.5,0,0,Winter,1
Snow,25.5,67,5.7,0,0,Spring,1
Cloudy,22.8,73,10.0,1,0,Autumn,1
Cloudy,4.6,25,18.7,0,0,Winter,1
Snow,-0.3,39,3.0,1,0,Spring,1
Cloudy,29.8,2,8.4,0,0,Autumn,1
Snow,-4.8,8,18.2,0,0,Autumn,1
Cloudy,10.5,31,7.0,0,0,Spring,1
Fog,6.1,66,15.4,1,0,Autumn,1
Clear,17.8,3,7.8,0,0,Summer,1
Snow,5.0,5,16.1,0,0,Summer,1
Cloudy,7.4,72,19.6,0,0,Winter,1
Fog,29.0,25,7.8,0,0,Summer,1
Clear,19.1,1,16.9,0,0,Summer,1
Cloudy,0.8,65,19.8,0,0,Spring,1
Clear,24.1,84,19.7,1,0,Winter,1
Snow,3.3,85,8.7,1,0,Spring,1
Clear,12.3,2,9.7,1,0,Spring,1
Rain,20.9,34,6.1,0,0,Summer,0
Storm,5.9,58,6.3,0,0,Summer,1
Rain,10.4,37,9.8,0,0,Autumn,0
Snow,24.4,32,4.0,1,0,Autumn,1
Snow,32.5,14,14.2,0,0,Winter,1
Clear,16.2,74,10.7,0,0,Summer,1
Fog,-4.6,73,18.0,1,0,Autumn,1
Cloudy,8.5,99,16.2,0,0,Spring,1
Storm,10.9,13,6.4,0,0,Summer,1
Cloudy,8.6,65,10.1,0,0,Winter,1
Fog,12.5,44,15.0,0,0,Winter,1
Snow,20.3,47,3.9,1,0,Spring,1
Storm,-0.2,43,0.6,0,0,Autumn,1
Rain,5.9,36,17.0,0,0,Spring,1
Snow,15.3,28,2.8,0,0,Autumn,1
Snow,7.6,98,17.8,0,0,Summer,0
Clear,34.6,83,18.3,0,0,Winter,1
Fog,12.3,84,9.2,0,0,Autumn,0
Clear,29.8,33,16.1,0,0,Spring,1
Clear,30.9,58,7.3,0,0,Summer,1
Cloudy,28.4,42,17.2,1,0,Autumn,1
Snow,-3.1,32,16.5,0,0,Summer,0
Fog,32.9,18,1.6,1,0,Summer,0
Clear,0.1,7,11.7,0,0,Spring,1
Rain,-3.6,30,12.8,0,0,Spring,1
Storm,11.6,10,0.0,1,0,Summer,0
Fog,2.8,7,19.6,0,0,Summer,1
Cloudy,2.4,24,8.1,0,1,Autumn,0
Fog,6.5,19,10.3,0,1,Spring,1
Snow,4.9,37,3.9,0,1,Autumn,1
Cloudy,22.4,6,12.2,0,1,Winter,1
Storm,2.5,76,16.2,0,1,Autumn,1
Rain,16.7,38,11.7,0,1,Summer,1
Clear,34.5,73,15.8,0,1,Winter,0
Fog,12.3,71,14.6,1,1,Autumn,1
Cloudy,20.7,19,4.8,0,1,Winter,1
Storm,33.8,80,8.7,0,1,Spring,1
Clear,0.5,10,3.0,0,1,Autumn,1
Storm,11.7,15,0.8,0,1,Autumn,1
Rain,29.0,41,1.3,0,1,Spring,1
Clear,32.3,95,18.8,0,1,Autumn,1
Clear,19.0,89,19.7,0,1,Winter,1
Clear,0.7,51,1.9,1,1,Spring,1
Cloudy,31.1,36,6.7,1,1,Winter,0
Clear,2.0,51,2.3,0,1,Autumn,1
Storm,9.1,8,16.7,1,1,Autumn,1
Cloudy,10.0,34,9.9,1,1,Autumn,1
Clear,12.9,66,12.4,0,1,Autumn,1
Storm,26.6,94,10.8,1,1,Winter,1
Storm,27.1,6,14.2,0,1,Autumn,1
Fog,23.8,1,6.4,0,1,Spring,1
Storm,-4.1,24,2.7,0,1,Spring,1
Snow,17.6,75,0.4,1,1,Summer,1
Rain,24.9,93,8.9,0,1,Spring,0
Clear,12.8,93,18.2,0,1,Summer,1
Clear,32.8,92,6.1,0,1,Spring,1
Clear,28.0,40,3.9,0,1,Spring,0
Storm,20.5,74,18.5,0,1,Autumn,1
Storm,-2.5,51,2.1,1,1,Spring,1
Clear,21.1,86,1.0,0,1,Autumn,0
Snow,31.5,80,17.6,0,1,Autumn,1
Cloudy,10.2,76,14.0,1,1,Spring,0
Cloudy,28.5,96,8.4,0,1,Winter,1
Rain,7.5,64,15.0,0,1,Autumn,1
Fog,17.8,76,14.8,0,1,Spring,1
Rain,20.9,37,0.8,1,1,Winter,1
Clear,22.1,66,13.5,0,1,Spring,1
Clear,30.3,79,12.8,0,1,Spring,1
Clear,4.4,41,19.3,0,1,Winter,1
Fog,5.5,70,19.3,1,1,Spring,1
Storm,23.2,53,7.6,0,1,Autumn,0
Fog,2.1,66,11.8,0,1,Summer,0
Rain,13.6,77,2.8,0,1,Summer,0
Storm,-4.2,63,1.3,0,1,Spring,1
Storm,0.6,79,8.7,0,1,Summer,1
Rain,22.2,3,13.8,0,1,Summer,1
Storm,24.9,30,11.4,1,1,Summer,1
Cloudy,-0.4,12,8.6,1,1,Autumn,1
Rain,4.1,26,16.4,0,1,Autumn,1
Rain,-1.0,58,15.9,0,1,Summer,1
Cloudy,12.3,64,14.6,0,1,Winter,1
Fog,0.0,63,1.5,1,1,Winter,0
Fog,12.5,24,15.9,0,1,Winter,1
Fog,24.3,36,18.4,0,1,Autumn,1
Storm,22.3,74,1.2,1,1,Autumn,1
Cloudy,6.2,72,8.0,1,1,Autumn,1
Rain,22.0,70,19.8,0,1,Autumn,0
Rain,32.1,13,12.0,0,1,Summer,1
Rain,8.9,93,10.3,0,1,Autumn,1
Storm,8.2,23,3.5,0,1,Summer,1
Storm,17.9,66,11.3,1,1,Winter,0
Snow,4.8,47,8.8,0,1,Summer,1
Fog,21.1,90,2.5,0,1,Winter,0
Snow,28.3,64,9.3,1,1,Autumn,0
Snow,13.4,37,3.3,0,1,Winter,1
Storm,22.2,89,14.6,0,1,Winter,1
Fog,21.1,69,19.5,0,1,Summer,0
Fog,-3.5,58,9.4,1,1,Winter,0
Rain,2.3,11,12.6,0,1,Spring,1
Storm,30.7,53,8.6,0,1,Winter,0
Fog,32.6,50,2.8,0,1,Autumn,1
Snow,26.2,37,19.4,1,1,Winter,1
Cloudy,31.8,45,2.6,0,1,Spring,1
Cloudy,7.2,98,2.2,0,1,Summer,0
Storm,4.9,9,9.2,1,1,Winter,1
Rain,10.4,8,13.2,1,1,Spring,1
Rain,-2.8,86,7.1,1,1,Autumn,1
Fog,27.4,93,3.9,0,1,Autumn,1
Storm,34.4,51,16.4,1,1,Summer,0
Cloudy,28.0,50,7.3,0,1,Autumn,1
Snow,17.2,21,3.9,0,1,Spring,1
Fog,6.8,72,7.3,0,1,Winter,0
Snow,2.9,82,4.3,0,1,Spring,1
Fog,9.6,71,10.4,0,1,Summer,1
Clear,21.7,67,13.4,0,1,Winter,1
Snow,12.9,4,16.0,1,1,Spring,1
Storm,32.4,82,4.6,0,1,Summer,1
Snow,29.2,81,3.3,0,1,Summer,1
Snow,-0.9,28,0.4,0,1,Winter,1
Fog,0.3,82,4.6,1,1,Winter,1
Cloudy,22.0,5,0.5,0,1,Autumn,0
Clear,4.2,68,6.9,0,1,Autumn,1
Snow,26.6,57,2.9,0,1,Winter,0
Cloudy,18.7,42,11.6,1,2,Autumn,1
Rain,4.2,68,7.7,0,2,Winter,0
Clear,14.1,71,1.9,0,2,Autumn,1
Clear,11.2,90,8.0,0,2,Spring,1
Fog,29.9,36,4.2,1,2,Summer,0
Snow,-3.7,57,13.6,0,2,Winter,0
Rain,30.8,36,7.3,0,2,Winter,1
Fog,21.1,81,2.9,0,2,Winter,0
Storm,24.5,25,7.0,1,2,Spring,1
Cloudy,-4.9,41,4.5,0,2,Summer,1
Cloudy,20.1,15,15.9,0,2,Autumn,1
Fog,18.5,21,19.7,0,2,Autumn,1
Cloudy,16.5,22,0.5,0,2,Summer,1
Snow,26.4,46,13.8,0,2,Autumn,1
Cloudy,17.2,66,5.3,0,2,Winter,1
Snow,29.3,2,1.3,1,2,Summer,1
Storm,4.3,11,0.3,0,2,Spring,0
Rain,27.2,22,17.6,1,2,Summer,1
Clear,2.2,10,7.1,0,2,Winter,1
Fog,27.5,51,19.9,1,2,Summer,1
Fog,32.6,49,8.8,0,2,Spring,1
Snow,8.4,56,3.8,0,2,Spring,1
Storm,16.2,63,15.5,0,2,Summer,1
Storm,21.3,45,18.5,1,2,Summer,1
Clear,-1.8,28,16.3,1,2,Autumn,0
Rain,14.8,69,14.9,0,2,Autumn,1
Fog,9.4,45,6.7,0,2,Winter,1
Snow,29.9,15,1.3,0,2,Autumn,1
Storm,30.1,97,4.0,0,2,Winter,1
Fog,23.0,50,8.9,0,2,Winter,1
Snow,21.2,10,19.1,0,2,Summer,1
Cloudy,24.3,10,14.5,0,2,Autumn,1
Fog,9.6,62,16.6,1,2,Spring,0
Rain,11.2,52,5.5,1,2,Spring,1
Snow,17.1,88,13.7,0,2,Summer,1
Rain,32.5,57,17.2,1,2,Spring,1
Fog,24.0,18,9.6,0,2,Spring,1
Cloudy,17.0,31,8.6,1,2,Summer,1
Rain,25.8,49,14.4,0,2,Spring,0
Storm,9.8,71,11.2,1,2,Summer,1
Snow,24.2,54,19.9,0,2,Winter,1
Fog,11.4,75,8.5,0,2,Autumn,1
Cloudy,6.2,40,3.5,0,2,Spring,1
Storm,19.4,98,9.4,0,2,Summer,1
Fog,22.5,69,4.7,0,2,Spring,1
Cloudy,13.4,20,11.2,0,2,Autumn,1
Storm,17.6,25,2.5,1,2,Spring,0
Rain,22.8,0,19.0,0,2,Winter,1
Fog,25.7,80,17.2,0,2,Summer,0
Fog,30.8,98,3.1,0,2,Autumn,1
Rain,9.2,26,3.4,0,2,Winter,1
Clear,33.1,49,10.2,0,2,Spring,1
Storm,20.5,65,15.5,1,2,Spring,1
Rain,26.5,99,4.4,0,2,Spring,0
Fog,23.0,64,1.2,0,2,Autumn,1
Storm,3.2,9,10.9,0,2,Summer,1
Storm,-2.1,94,13.8,0,2,Autumn,1
Clear,24.1,36,4.9,0,2,Winter,1
Fog,15.4,68,14.8,0,2,Summer,0
Cloudy,23.1,40,19.0,1,2,Autumn,1
Clear,14.1,45,2.7,0,2,Spring,1
Clear,7.5,76,10.2,0,2,Winter,0
Cloudy,6.4,44,1.1,0,2,Spring,1
Cloudy,24.2,87,4.1,1,2,Autumn,0
Clear,6.1,26,1.8,1,2,Winter,1
Storm,23.6,64,8.1,0,2,Summer,1
Rain,10.4,83,16.4,1,2,Summer,1
Rain,25.8,7,11.5,0,2,Autumn,1
Clear,0.7,66,4.5,0,2,Autumn,1
Storm,3.2,48,0.8,1,2,Summer,0
Cloudy,22.4,95,11.1,1,2,Summer,1
Snow,17.4,88,2.7,1,2,Autumn,1
Clear,3.2,88,6.9,1,2,Summer,0
Fog,31.1,13,10.2,1,2,Winter,0
Storm,6.0,61,18.1,0,2,Autumn,1
Fog,11.8,42,1.6,0,2,Winter,1
Fog,3.1,26,13.4,0,2,Spring,1
Clear,10.5,95,0.3,1,2,Winter,1
Storm,14.7,26,12.6,0,2,Autumn,1
Fog,6.8,67,11.0,0,2,Spring,1
Storm,25.8,74,16.2,1,2,Summer,1
Rain,10.8,47,10.6,1,2,Winter,0
Snow,24.2,66,7.1,0,2,Winter,1
Fog,3.3,24,4.9,0,2,Autumn,1
Fog,10.1,63,1.7,0,2,Summer,1
Storm,-4.7,23,10.7,0,2,Autumn,1
Snow,25.3,8,17.8,0,2,Summer,0
Rain,20.0,7,10.3,1,2,Autumn,1
Fog,27.7,94,14.8,0,2,Summer,1
Clear,13.2,58,6.0,0,2,Spring,1
Storm,27.0,16,9.0,0,2,Autumn,1
Storm,20.9,42,6.5,0,2,Spring,1
Fog,-4.9,94,2.2,0,2,Autumn,0
Rain,5.1,67,8.3,1,2,Autumn,1
Fog,14.8,3,15.3,1,2,Autumn,1
Cloudy,19.7,7,7.9,0,2,Winter,1
Fog,-2.4,41,13.0,1,3,Autumn,1
Snow,23.2,48,15.2,0,3,Summer,1
Snow,16.7,5,6.5,0,3,Winter,1
Cloudy,16.0,72,16.0,0,3,Summer,0
Snow,6.7,41,6.8,0,3,Summer,0
Snow,18.8,71,5.1,0,3,Summer,0
Clear,-3.9,31,4.4,0,3,Summer,1
Storm,-2.4,14,4.0,0,3,Summer,1
Snow,24.4,81,14.7,0,3,Spring,0
Storm,7.9,86,17.8,0,3,Winter,0
Rain,8.9,68,4.6,0,3,Summer,0
Fog,3.3,26,1.7,0,3,Spring,1
Clear,12.8,96,6.3,0,3,Spring,0
Cloudy,-2.9,65,13.2,0,3,Summer,1
Rain,7.0,58,7.4,1,3,Autumn,1
Clear,16.1,27,11.0,0,3,Summer,1
Clear,13.6,23,14.9,0,3,Spring,0
Cloudy,35.0,50,8.2,0,3,Summer,1
Cloudy,10.6,20,20.0,0,3,Spring,0
Storm,10.5,30,6.0,1,3,Summer,1
Fog,15.1,74,19.6,0,3,Spring,1
Rain,2.6,49,4.1,0,3,Summer,0
Fog,30.1,91,2.2,1,3,Autumn,0
Rain,17.9,39,15.0,0,3,Autumn,1
Clear,2.7,67,14.0,0,3,Spring,1
Snow,26.7,15,16.2,1,3,Autumn,1
Snow,-3.6,75,6.9,1,3,Autumn,1
Cloudy,34.3,85,18.6,0,3,Winter,1
Cloudy,29.6,98,2.4,0,3,Summer,0
Clear,18.2,62,0.6,1,3,Summer,0
Clear,-0.5,55,6.0,0,3,Autumn,1
Rain,3.6,79,15.9,0,3,Autumn,1
Clear,6.2,23,13.5,0,3,Spring,1
Rain,4.6,98,8.7,0,3,Summer,1
Fog,14.9,27,5.1,0,3,Winter,1
Cloudy,32.8,92,1.2,0,3,Winter,0
Cloudy,12.8,84,6.8,1,3,Autumn,0
Snow,21.5,88,9.2,0,3,Spring,1
Snow,22.5,30,13.7,0,3,Spring,1
Cloudy,29.9,14,12.9,0,3,Summer,1
Fog,-3.6,41,18.9,1,3,Autumn,1
Fog,11.2,98,2.0,0,3,Autumn,1
Storm,26.4,49,6.7,0,3,Spring,0
Rain,27.6,85,9.6,0,3,Winter,0
Snow,32.1,4,13.4,0,3,Winter,0
Rain,23.1,47,9.9,1,3,Summer,1
Snow,4.8,12,18.3,0,3,Autumn,1
Storm,15.2,31,12.2,0,3,Autumn,1
Cloudy,-3.7,66,0.8,1,3,Winter,1
Rain,20.9,78,2.3,0,3,Autumn,1
Snow,17.2,90,15.1,0,3,Autumn,1
Rain,21.7,90,14.3,0,3,Spring,1
Cloudy,32.2,29,3.1,0,3,Summer,1
Clear,22.5,5,1.2,0,3,Summer,1
Snow,7.8,24,11.6,0,3,Summer,0
Clear,2.9,27,12.7,0,3,Spring,1
Storm,29.2,61,2.7,0,3,Summer,0
Fog,2.8,21,9.5,0,3,Summer,1
Rain,1.5,67,6.1,1,3,Winter,1
Snow,3.3,14,18.6,1,3,Winter,0
Rain,15.4,25,4.4,0,3,Summer,0
Storm,-0.0,62,14.7,1,3,Spring,1
Storm,32.5,17,10.4,0,3,Spring,1
Rain,33.7,72,0.2,0,3,Spring,0
Snow,34.0,62,10.3,0,3,Autumn,1
Cloudy,-3.4,61,2.0,0,3,Autumn,0
Cloudy,32.8,67,13.2,0,3,Spring,1
Fog,34.9,47,11.3,0,3,Winter,1
Rain,32.7,49,0.2,0,3,Autumn,0
Rain,21.8,62,4.1,0,3,Spring,1
Snow,23.0,68,15.5,1,3,Autumn,1
Rain,-0.1,5,5.5,0,3,Autumn,0
Snow,30.0,57,10.0,0,3,Autumn,1
Rain,-2.6,50,6.2,1,3,Autumn,1
Storm,7.7,11,18.4,0,3,Spring,1
Clear,34.6,94,10.7,0,3,Autumn,0
Rain,11.9,46,13.9,0,3,Summer,1
Clear,0.2,8,1.7,1,3,Spring,1
Cloudy,33.8,6,0.8,1,3,Spring,0
Fog,34.4,28,5.2,0,3,Spring,1
Cloudy,2.5,77,6.2,0,3,Autumn,1
Rain,29.6,50,13.8,0,3,Spring,1
Snow,10.6,83,11.4,0,3,Winter,1
Cloudy,10.3,54,7.5,1,3,Summer,0
Storm,5.5,95,13.1,0,3,Winter,1
Clear,-3.2,58,3.3,0,3,Summer,1
Snow,5.7,55,1.3,0,3,Summer,1
Snow,-2.8,21,17.1,0,3,Autumn,0
Rain,32.0,99,11.3,1,3,Summer,0
Storm,21.5,17,13.0,1,3,Summer,1
Clear,30.5,57,6.1,0,3,Winter,1
Storm,23.7,39,7.4,1,3,Summer,1
Cloudy,0.3,88,1.6,0,3,Spring,1
Rain,32.6,30,17.1,0,3,Spring,1
Snow,31.0,55,11.8,0,3,Summer,0
Snow,8.9,34,1.7,0,3,Spring,1
Cloudy,-0.5,25,16.1,0,4,Autumn,1
Snow,23.2,67,8.9,0,4,Spring,0
Fog,24.1,83,15.3,0,4,Autumn,1
Rain,30.9,33,0.3,0,4,Summer,0
Cloudy,-2.9,75,0.6,0,4,Autumn,1
Rain,0.7,15,3.4,0,4,Autumn,1
Clear,18.9,41,4.2,0,4,Summer,1
Rain,19.8,4,15.3,1,4,Summer,1
Rain,-3.7,60,14.1,0,4,Autumn,1
Clear,10.9,43,12.3,0,4,Winter,1
Cloudy,18.4,34,17.7,0,4,Summer,1
Rain,24.5,90,4.9,0,4,Summer,0
Storm,7.6,0,18.1,0,4,Winter,0
Rain,14.4,97,18.2,0,4,Spring,1
Cloudy,27.6,42,8.7,0,4,Winter,1
Snow,33.2,31,1.9,1,4,Spring,1
Clear,4.2,62,14.5,0,4,Winter,1
Snow,5.1,32,6.7,0,4,Autumn,1
Cloudy,32.6,94,15.9,0,4,Summer,0
Fog,10.8,76,3.3,0,4,Winter,1
Snow,23.7,65,10.8,0,4,Summer,1
Rain,19.5,29,10.2,0,4,Spring,1
Rain,6.4,9,2.0,0,4,Autumn,1
Clear,21.1,22,7.3,1,4,Summer,1
Rain,21.2,96,1.7,0,4,Winter,1
Storm,18.7,38,9.3,1,4,Winter,1
Storm,-1.0,44,16.9,0,4,Autumn,1
Snow,34.8,28,5.4,0,4,Spring,1
Cloudy,11.0,29,15.3,0,4,Autumn,0
Clear,20.5,33,3.7,0,4,Autumn,0
Fog,30.4,51,13.5,0,4,Summer,0
Snow,11.9,80,18.3,1,4,Spring,1
Cloudy,26.0,21,6.5,0,4,Autumn,1
Clear,33.9,4,18.0,1,4,Summer,1
Clear,9.4,10,10.1,1,4,Summer,1
Snow,11.2,85,6.3,0,4,Spring,1
Cloudy,31.2,31,17.9,0,4,Spring,1
Cloudy,1.4,23,0.6,0,4,Summer,0
Rain,-3.9,10,0.6,1,4,Spring,1
Fog,31.4,10,12.0,1,4,Summer,1
Storm,27.9,16,15.9,0,4,Spring,1
Rain,33.9,31,15.0,0,4,Spring,0
Clear,-2.7,82,1.6,0,4,Spring,1
Fog,1.2,26,19.0,1,4,Winter,1
Fog,-0.8,31,14.1,1,4,Spring,1
Cloudy,22.3,60,19.0,0,4,Winter,1
Fog,19.2,24,6.6,0,4,Summer,0
Snow,9.4,63,13.9,0,4,Autumn,1
Fog,-2.7,63,17.2,0,4,Autumn,1
Clear,20.6,27,7.6,1,4,Autumn,1
Snow,17.8,39,19.3,0,4,Summer,1
Snow,-0.5,90,5.3,0,4,Spring,0
Rain,31.4,13,6.3,0,4,Winter,1
Fog,3.0,41,18.4,0,4,Summer,0
Cloudy,24.7,38,19.4,0,4,Autumn,0
Rain,30.4,1,5.7,1,4,Autumn,1
Cloudy,18.2,80,2.7,0,4,Autumn,1
Fog,4.9,0,15.2,0,4,Autumn,1
Rain,7.4,31,18.6,0,4,Winter,1
Fog,30.4,82,12.0,0,4,Autumn,1
Clear,6.9,63,12.7,0,4,Winter,1
Rain,24.8,77,15.3,0,4,Autumn,1
Cloudy,34.6,30,3.1,0,4,Summer,0
Clear,35.0,57,19.5,0,4,Winter,1
Storm,16.3,81,7.3,1,4,Winter,1
Cloudy,28.1,77,12.6,0,4,Summer,0
Fog,34.6,13,9.4,0,4,Autumn,1
Cloudy,10.0,87,9.4,0,4,Autumn,1
Storm,5.1,68,14.1,1,4,Spring,1
Cloudy,-0.4,15,19.9,0,4,Spring,1
Clear,0.6,68,13.2,0,4,Winter,1
Snow,29.1,53,15.9,0,4,Spring,1
Cloudy,18.5,12,0.6,0,4,Summer,1
Rain,29.9,79,16.2,1,4,Summer,1
Storm,26.6,78,6.0,1,4,Summer,0
Cloudy,21.9,30,2.5,0,4,Winter,1
Storm,19.4,68,2.3,1,4,Summer,1
Snow,-3.1,20,13.6,0,4,Winter,1
Clear,29.9,29,20.0,0,4,Winter,1
Rain,11.7,22,13.3,1,4,Summer,1
Fog,17.4,37,5.2,0,4,Summer,1
Cloudy,-4.1,28,4.1,0,4,Winter,1
Clear,32.4,76,10.5,1,4,Summer,1
Storm,31.1,31,1.3,0,4,Spring,0
Snow,16.7,61,8.0,0,4,Winter,1
Storm,18.1,90,13.3,0,4,Autumn,1
Snow,23.2,97,19.4,1,4,Winter,1
Snow,5.6,44,8.5,1,4,Summer,0
Clear,3.9,48,4.0,0,4,Summer,1
Cloudy,22.0,32,16.3,1,4,Winter,1
Fog,-0.8,3,14.9,1,4,Winter,1
Cloudy,13.2,17,17.2,0,4,Autumn,1
Rain,14.7,69,4.3,1,4,Autumn,1
Cloudy,10.3,63,8.1,0,4,Winter,1
Snow,2.4,27,19.6,0,4,Summer,1
Snow,9.2,57,3.2,0,4,Winter,1
Rain,8.5,90,13.4,0,5,Spring,1
Storm,15.0,89,4.7,0,5,Spring,1
Snow,22.0,55,10.0,0,5,Summer,1
Rain,33.7,19,16.0,0,5,Winter,0
Snow,0.8,76,9.8,0,5,Winter,1
Fog,29.9,91,16.1,0,5,Spring,1
Snow,6.4,33,8.5,1,5,Winter,0
Clear,18.7,86,20.0,1,5,Summer,0
Rain,16.9,9,8.7,1,5,Summer,0
Cloudy,17.3,93,3.0,0,5,Autumn,1
Rain,23.9,21,8.0,1,5,Summer,1
Storm,10.3,4,14.9,0,5,Winter,1
Snow,7.8,43,17.0,0,5,Winter,1
Rain,29.1,8,9.2,0,5,Spring,0
Fog,3.8,42,11.9,0,5,Spring,0
Rain,2.2,3,16.9,1,5,Summer,1
Fog,-4.4,41,16.3,0,5,Autumn,0
Snow,3.4,64,13.2,0,5,Winter,0
Cloudy,15.7,97,16.3,1,5,Autumn,1
Snow,16.5,40,11.5,0,5,Winter,1
Storm,5.2,63,0.1,1,5,Summer,1
Clear,-2.1,54,0.8,1,5,Summer,1
Cloudy,24.8,89,19.6,0,5,Spring,1
Cloudy,25.3,17,2.9,0,5,Autumn,1
Clear,34.9,15,8.1,0,5,Spring,1
Rain,31.0,86,18.7,0,5,Summer,1
Snow,32.0,45,3.9,0,5,Autumn,1
Rain,26.9,35,16.9,0,5,Winter,1
Rain,19.6,89,16.4,1,5,Spring,1
Snow,0.1,65,19.7,1,5,Summer,1
Storm,19.9,43,5.6,1,5,Winter,1
Cloudy,-2.8,4,6.3,0,5,Summer,0
Fog,30.4,28,18.1,0,5,Winter,1
Clear,14.3,3,4.7,0,5,Spring,0
Cloudy,22.9,98,11.0,0,5,Winter,1
Rain,-2.9,85,14.1,1,5,Autumn,0
Clear,16.4,48,5.4,1,5,Winter,1
Fog,7.1,71,18.8,0,5,Summer,0
Cloudy,6.4,84,13.3,1,5,Winter,1
Cloudy,10.6,7,0.9,0,5,Spring,1
Storm,-5.0,51,2.7,0,5,Summer,0
Cloudy,13.7,68,3.8,0,5,Summer,1
Cloudy,14.5,20,4.9,0,5,Summer,1
Fog,29.5,26,14.6,1,5,Summer,1
Fog,12.9,37,1.8,1,5,Autumn,1
Clear,9.5,4,7.0,0,5,Summer,1
Rain,34.8,84,18.2,0,5,Summer,1
Fog,17.8,60,11.1,0,5,Summer,1
Clear,13.9,7,5.3,1,5,Spring,1
Cloudy,14.8,85,19.1,1,5,Spring,1
Clear,27.4,17,4.9,1,5,Summer,0
Clear,8.6,3,18.1,1,5,Autumn,0
Clear,10.6,3,14.5,0,5,Winter,1
Snow,25.2,36,14.8,0,5,Autumn,1
Clear,-2.1,14,15.3,0,5,Summer,0
Fog,29.6,37,10.1,0,5,Summer,1
Snow,12.2,26,16.3,1,5,Autumn,1
Rain,18.3,84,16.7,1,5,Summer,1
Clear,25.3,47,7.2,0,5,Winter,1
Storm,5.6,45,8.0,0,5,Spring,1
Cloudy,30.6,45,17.8,0,5,Winter,1
Cloudy,34.2,47,10.5,0,5,Winter,1
Snow,14.8,58,17.3,0,5,Winter,1
Cloudy,32.5,3,12.5,0,5,Autumn,1
Cloudy,-5.0,74,11.9,1,5,Autumn,1
Snow,30.8,18,0.6,0,5,Winter,1
Cloudy,7.4,56,5.6,0,5,Autumn,1
Clear,7.5,18,10.0,0,5,Summer,1
Rain,4.1,90,11.7,1,5,Spring,0
Snow,7.7,41,12.6,1,5,Autumn,0
Storm,3.5,91,14.3,0,5,Autumn,1
Snow,31.2,4,13.1,1,5,Winter,0
Fog,31.0,47,17.0,0,5,Spring,1
Storm,-0.9,24,5.9,0,5,Summer,1
Fog,0.7,66,12.8,0,5,Summer,1
Snow,29.5,25,1.0,0,5,Spring,1
Fog,11.0,73,9.6,0,5,Summer,1
Storm,1.8,87,5.4,1,5,Spring,0
Clear,15.4,61,7.6,1,5,Winter,1
Snow,11.7,92,7.1,0,5,Summer,1
Snow,3.8,6,1.2,0,5,Summer,1
Cloudy,23.8,43,9.3,0,5,Spring,0
Snow,20.3,86,19.9,0,5,Summer,0
Snow,-1.0,26,6.0,0,5,Autumn,0
Clear,32.0,41,14.7,0,5,Winter,1
Cloudy,17.3,72,11.0,1,5,Summer,1
Rain,5.0,55,6.5,1,5,Summer,1
Fog,3.3,2,1.8,0,5,Summer,1
Storm,0.4,12,4.3,0,5,Spring,1
Rain,12.0,69,15.6,0,5,Winter,1
Cloudy,0.4,58,5.6,0,5,Winter,1
Clear,11.6,37,2.9,0,5,Summer,1
Storm,1.0,84,6.6,0,5,Summer,1
Fog,21.3,82,11.7,0,5,Spring,1
Snow,26.4,88,14.1,1,5,Winter,1
Snow,17.0,67,7.7,0,5,Autumn,0
Rain,22.2,85,10.0,1,6,Summer,0
Fog,32.5,68,9.1,0,6,Autumn,1
Cloudy,20.5,0,0.2,1,6,Autumn,1
Fog,9.6,49,7.9,0,6,Winter,0
Clear,13.0,80,11.7,0,6,Autumn,1
Rain,29.4,72,11.4,0,6,Summer,1
Rain,0.2,8,15.0,0,6,Summer,1
Clear,8.0,52,13.4,0,6,Spring,1
Fog,18.1,87,5.5,1,6,Winter,1
Clear,22.1,9,5.1,1,6,Winter,1
Storm,25.5,83,9.3,0,6,Autumn,1
Clear,7.7,80,14.7,0,6,Summer,1
Fog,0.8,76,1.9,0,6,Summer,1
Clear,33.2,28,19.0,1,6,Spring,1
Cloudy,-1.9,35,10.9,1,6,Autumn,1
Snow,-1.2,86,6.1,0,6,Summer,1
Clear,14.8,26,13.9,0,6,Winter,1
Snow,27.8,17,0.9,1,6,Spring,1
Clear,26.0,17,9.7,0,6,Winter,0
Fog,32.5,8,9.7,0,6,Spring,1
Storm,0.7,66,3.2,0,6,Winter,1
Storm,10.0,6,16.7,1,6,Autumn,0
Snow,6.3,57,15.9,0,6,Summer,0
Fog,29.4,78,3.1,1,6,Winter,0
Fog,14.5,29,7.3,0,6,Autumn,1
Fog,-3.9,72,2.0,0,6,Winter,1
Cloudy,23.3,60,17.0,0,6,Autumn,0
Rain,10.5,90,6.5,1,6,Spring,1
Clear,16.2,99,8.8,0,6,Autumn,1
Fog,30.8,81,6.5,0,6,Winter,1
Fog,5.3,94,6.2,0,6,Summer,1
Fog,4.6,16,14.9,0,6,Spring,1
Storm,5.5,52,15.0,1,6,Spring,1
Fog,8.5,5,10.4,0,6,Autumn,1
Clear,-0.7,38,13.2,1,6,Winter,1
Fog,22.9,24,10.2,1,6,Autumn,1
Clear,3.3,41,0.6,0,6,Spring,1
Cloudy,32.0,41,1.3,1,6,Summer,0
Rain,3.6,58,7.7,0,6,Autumn,1
Storm,5.2,37,15.0,0,6,Winter,0
Clear,6.9,30,18.3,0,6,Autumn,1
Snow,25.7,28,0.6,1,6,Autumn,0
Cloudy,12.1,8,7.4,0,6,Autumn,1
Rain,27.8,0,4.5,0,6,Summer,1
Rain,26.4,79,16.3,1,6,Winter,1
Rain,32.2,86,16.9,1,6,Winter,1
Clear,25.3,71,4.1,0,6,Spring,1
Cloudy,-2.9,46,14.2,0,6,Spring,1
Fog,28.5,75,14.6,0,6,Autumn,0
Snow,32.5,9,3.5,0,6,Spring,1
Cloudy,34.7,15,8.7,0,6,Winter,1
Cloudy,0.0,46,12.4,0,6,Autumn,1
Cloudy,19.5,42,0.5,0,6,Spring,1
Clear,3.0,23,8.1,1,6,Summer,0
Snow,5.5,7,3.1,0,6,Spring,1
Clear,24.8,74,10.8,0,6,Summer,0
Snow,34.1,25,16.9,0,6,Spring,1
Snow,18.8,6,10.5,0,6,Winter,1
Clear,29.0,78,0.7,0,6,Spring,1
Snow,-4.6,14,0.6,0,6,Summer,1
Cloudy,-3.5,47,12.1,0,6,Summer,1
Clear,18.9,2,6.6,0,6,Spring,0
Snow,10.6,15,11.5,0,6,Autumn,1
Rain,30.6,78,3.3,0,6,Summer,1
Clear,7.1,88,15.5,0,6,Winter,0
Storm,12.3,96,17.2,0,6,Spring,0
Clear,16.1,13,17.8,0,6,Summer,0
Clear,5.9,87,6.1,0,6,Spring,0
Clear,31.3,74,13.2,1,6,Spring,1
Snow,13.6,2,5.6,0,6,Autumn,1
Clear,12.0,72,15.3,1,6,Spring,1
Storm,29.0,69,2.4,1,6,Spring,1
Fog,7.5,30,15.3,1,6,Spring,0
Clear,27.7,79,8.8,0,6,Winter,1
Rain,-0.1,74,17.1,1,6,Spring,0
Storm,2.3,16,14.8,1,6,Winter,1
Fog,33.0,48,7.5,0,6,Spring,1
Snow,28.7,2,18.1,0,6,Autumn,1
Clear,10.5,82,5.7,1,6,Autumn,1
Fog,20.5,87,19.3,0,6,Summer,0
Rain,32.7,54,15.3,0,6,Spring,1
Storm,3.5,71,19.8,1,6,Autumn,1
Storm,-2.6,99,1.1,0,6,Autumn,1
Snow,16.5,39,5.5,0,6,Spring,1
Snow,0.7,65,14.8,0,6,Summer,1
Snow,2.5,86,18.4,0,6,Winter,1
Fog,30.7,39,0.6,1,6,Autumn,1
Clear,-4.7,29,0.0,0,6,Autumn,1
Cloudy,27.7,24,5.1,1,6,Winter,1
Storm,15.7,6,17.1,0,6,Autumn,1
Cloudy,17.4,91,15.3,0,6,Winter,1
Storm,21.9,49,6.8,0,6,Winter,1
Snow,12.3,80,0.0,0,6,Summer,1
Clear,-0.4,95,11.1,1,6,Winter,1
Clear,-0.9,0,4.8,0,6,Winter,0
Storm,25.2,90,14.9,1,6,Winter,0
Fog,3.8,43,8.9,0,0,Winter,0
Snow,-3.9,99,13.6,0,0,Autumn,1
Clear,34.2,48,17.0,0,0,Winter,1
Clear,34.2,6,10.7,1,0,Autumn,0
Rain,10.1,2,6.7,0,0,Spring,1
Clear,-4.0,93,15.4,0,0,Spring,1
Rain,24.1,0,5.3,0,0,Winter,1
Clear,28.2,50,17.8,0,0,Summer,1
Clear,0.0,97,1.4,0,0,Summer,1
Fog,0.4,37,16.7,0,0,Autumn,1
Fog,27.9,42,1.8,1,0,Autumn,1
Snow,31.9,54,1.1,0,0,Spring,1
Clear,26.6,56,7.3,0,0,Autumn,1
Snow,3.0,52,19.1,0,0,Summer,1
Snow,11.5,99,19.7,0,0,Spring,1
Snow,19.0,32,4.0,0,0,Winter,1
Snow,1.4,79,3.0,1,0,Autumn,1
Storm,3.4,61,7.1,1,0,Winter,1
Storm,6.3,10,6.7,0,0,Autumn,1
Clear,15.4,71,15.2,0,0,Summer,0
Storm,15.4,51,8.9,1,0,Autumn,0
Clear,27.6,0,15.6,1,0,Summer,1
Fog,25.1,13,15.0,0,0,Summer,1
Cloudy,31.5,93,11.6,0,0,Winter,1
Rain,28.3,84,16.7,1,0,Autumn,1
Storm,5.2,20,3.9,0,0,Winter,1
Storm,8.3,33,3.2,0,0,Summer,0
Fog,15.0,89,15.0,1,0,Summer,1
Storm,-4.4,13,4.9,1,0,Summer,1
Clear,31.2,39,0.1,0,0,Summer,0
Clear,-3.2,34,18.2,0,0,Spring,1
Cloudy,7.9,41,12.5,0,0,Summer,1
Cloudy,17.8,81,8.9,1,0,Autumn,0
Cloudy,15.7,19,14.5,1,0,Summer,1
Clear,21.2,59,6.7,1,0,Spring,1
Snow,16.1,8,19.1,0,0,Autumn,1
Snow,4.2,32,1.4,0,0,Spring,0
Cloudy,3.0,48,12.8,0,0,Spring,0
Cloudy,31.3,67,15.5,0,0,Autumn,0
Clear,5.6,3,9.4,0,0,Spring,0
Fog,6.2,47,15.1,0,0,Summer,1
Storm,11.5,15,18.5,0,0,Winter,1
Rain,0.6,46,14.9,1,0,Winter,1
Snow,15.3,25,6.2,0,0,Winter,0
Snow,21.6,69,11.2,1,0,Autumn,0
Clear,26.4,36,18.2,0,0,Autumn,0
Clear,23.5,21,9.0,1,0,Autumn,0
Rain,0.9,6,13.6,0,0,Winter,1
Rain,13.2,41,9.3,0,0,Winter,1
Cloudy,-3.5,29,2.4,0,0,Autumn,1
Rain,-4.3,73,1.2,0,0,Winter,1
Storm,12.6,78,19.0,0,0,Spring,0
Storm,5.1,5,12.3,1,0,Spring,0
Snow,22.3,23,2.1,0,0,Winter,0
Storm,24.0,65,17.1,0,0,Autumn,0
Storm,30.8,39,10.5,0,0,Summer,1
Storm,25.4,14,15.4,0,0,Summer,1
Cloudy,-3.1,52,2.5,1,0,Winter,1
Snow,9.9,84,18.1,0,0,Summer,1
Clear,5.9,81,11.8,0,0,Autumn,1
Snow,10.4,4,14.8,1,0,Spring,1
Snow,1.4,88,0.6,0,0,Spring,1
Snow,-1.1,35,6.3,1,0,Autumn,1
Rain,15.8,73,5.3,0,0,Summer,1
Clear,23.8,45,19.0,0,0,Winter,0
Rain,23.1,22,3.7,0,0,Spring,1
Cloudy,13.0,87,14.1,0,0,Summer,1
Cloudy,15.9,44,0.9,1,0,Summer,1
Fog,15.7,9,4.0,0,0,Spring,1
Fog,22.7,53,6.8,0,0,Spring,1
Cloudy,-3.1,69,15.9,0,0,Winter,0
Cloudy,23.4,76,15.8,0,0,Autumn,1
Rain,18.3,84,19.1,1,0,Summer,1
Cloudy,2.9,31,18.3,0,0,Winter,0
Clear,-3.0,42,1.6,1,0,Spring,1
Rain,-0.7,14,16.6,1,0,Autumn,1
Cloudy,16.0,65,9.0,0,0,Autumn,1
Rain,25.3,14,17.3,1,0,Summer,1
Rain,8.4,80,1.8,0,0,Autumn,0
Storm,10.2,19,16.5,0,0,Spring,1
Fog,32.4,49,3.2,0,0,Spring,1
Rain,3.5,5,6.7,0,0,Spring,1
Snow,-0.9,78,0.6,1,0,Winter,1
Rain,8.7,16,2.5,0,0,Spring,1
Snow,24.8,25,8.9,0,0,Winter,1
Storm,20.0,21,16.4,0,0,Spring,1
Cloudy,11.6,72,15.5,0,0,Spring,0
Rain,33.6,63,4.7,0,0,Autumn,0
Storm,24.4,75,3.0,1,0,Summer,1
Clear,-2.5,85,7.8,0,0,Spring,1
Storm,24.8,57,17.7,1,0,Autumn,1
Fog,-4.0,86,1.8,1,0,Autumn,0
Fog,21.0,36,10.9,0,0,Summer,1
Cloudy,3.4,77,1.8,0,0,Autumn,0
Snow,22.9,87,9.4,0,0,Autumn,0
Cloudy,7.4,71,2.5,1,0,Summer,1
Snow,29.9,89,1.6,0,1,Winter,1
Snow,8.5,95,3.8,0,1,Summer,1
Snow,19.8,27,5.1,0,1,Summer,1
Snow,6.4,95,5.5,0,1,Spring,1
Fog,31.7,85,12.9,0,1,Spring,1
Fog,26.2,48,1.1,0,1,Winter,1
Rain,4.7,72,1.6,0,1,Summer,1
Fog,33.0,66,3.8,0,1,Summer,0
Cloudy,9.3,88,17.4,0,1,Winter,1
Fog,21.1,75,12.6,0,1,Spring,0
Cloudy,24.7,92,14.6,1,1,Summer,1
Clear,-4.1,66,7.4,0,1,Winter,1
Fog,33.4,40,4.3,0,1,Spring,1
Cloudy,8.8,45,0.8,0,1,Autumn,1
Snow,2.6,86,9.8,0,1,Winter,1
Storm,29.0,86,11.5,0,1,Winter,1
Snow,23.1,54,17.9,0,1,Summer,1
Rain,-1.5,81,17.6,1,1,Autumn,1
Cloudy,-0.3,10,8.5,0,1,Spring,0
Snow,23.6,99,8.5,0,1,Autumn,1
Fog,-2.0,25,3.2,1,1,Summer,1
Fog,31.7,71,5.1,0,1,Summer,0
Clear,24.7,91,18.5,0,1,Spring,0
Storm,8.4,81,2.8,0,1,Spring,1
Cloudy,9.5,12,19.4,1,1,Spring,0
Snow,15.3,35,10.1,0,1,Summer,1
Storm,9.4,63,9.1,0,1,Spring,1
Clear,26.3,50,3.5,0,1,Spring,0
Rain,34.0,75,13.2,1,1,Spring,0
Storm,18.4,21,9.2,1,1,Winter,1
Clear,12.8,59,7.4,0,1,Spring,1
Cloudy,3.9,1,5.3,0,1,Summer,1
Rain,21.1,55,1.3,0,1,Winter,1
Fog,22.4,39,10.4,0,1,Summer,1
Clear,22.4,27,6.3,1,1,Autumn,0
Fog,-3.9,76,14.2,0,1,Winter,0
Rain,31.0,96,14.5,0,1,Spring,1
Clear,8.5,2,6.6,0,1,Winter,1
Clear,24.8,62,13.4,0,1,Summer,1
Rain,25.4,97,5.2,0,1,Winter,0
Cloudy,21.0,22,14.5,1,1,Autumn,0
Clear,10.8,54,0.3,0,1,Spring,1
Rain,19.3,31,3.0,0,1,Spring,1
Storm,-3.4,83,4.9,0,1,Autumn,1
Fog,25.5,27,15.5,0,1,Summer,1
Clear,-1.0,7,1.3,0,1,Winter,1
Storm,10.9,2,3.8,0,1,Summer,0
Clear,-0.9,93,7.2,0,1,Summer,1
Cloudy,28.5,88,0.2,0,1,Summer,1
Rain,17.0,52,15.2,0,1,Spring,0
Clear,22.6,93,11.2,0,1,Winter,0
Rain,22.3,28,18.0,1,1,Spring,1
Snow,28.7,93,0.6,0,1,Spring,1
Clear,0.3,97,5.4,1,1,Spring,1
Cloudy,21.4,88,14.6,0,1,Winter,1
Cloudy,18.0,80,13.5,0,1,Autumn,1
Storm,-3.8,58,4.9,1,1,Spring,1
Cloudy,3.1,23,11.9,0,1,Spring,1
Rain,5.7,37,15.9,0,1,Spring,0
Snow,-2.1,27,0.7,0,1,Winter,1
Cloudy,9.2,96,14.4,1,1,Winter,0
Clear,-3.9,61,5.0,0,1,Summer,0
Cloudy,17.1,99,19.0,0,1,Spring,1
Snow,3.5,50,10.8,0,1,Spring,0
Rain,6.5,6,0.7,1,1,Winter,0
Clear,31.4,22,8.1,0,1,Winter,1
Storm,15.1,45,19.3,0,1,Spring,1
Storm,5.8,89,14.6,0,1,Autumn,1
Storm,18.9,77,6.0,1,1,Summer,1
Clear,3.1,27,11.5,0,1,Summer,1
Storm,-2.0,23,12.0,0,1,Spring,1
Cloudy,-4.2,6,0.5,1,1,Summer,1
Clear,33.1,99,3.6,0,1,Summer,1
Clear,24.0,78,11.0,0,1,Spring,1
Clear,27.0,48,8.1,1,1,Summer,0
Fog,34.2,2,3.8,1,1,Winter,1
Rain,32.3,1,15.5,0,1,Spring,1
Fog,24.5,6,9.8,0,1,Winter,1
Fog,22.8,79,6.2,0,1,Spring,1
Fog,8.5,20,3.2,1,1,Winter,0
Rain,-0.8,8,12.2,1,1,Summer,1
Fog,17.9,11,13.3,0,1,Autumn,1
Storm,18.1,92,13.4,0,1,Winter,1
Clear,33.1,23,4.4,1,1,Winter,1
Clear,12.7,32,11.9,0,1,Autumn,1
Cloudy,22.6,77,18.1,0,1,Autumn,1
Snow,18.0,42,7.1,0,1,Winter,0
Storm,2.1,81,4.2,0,1,Winter,1
Rain,18.7,4,15.4,1,1,Winter,0
Snow,16.6,78,3.5,1,1,Spring,0
Clear,14.8,70,5.1,0,1,Winter,0
Fog,15.5,88,2.0,0,1,Winter,1
Cloudy,1.6,13,5.4,0,1,Autumn,0
Cloudy,13.5,35,8.2,1,1,Autumn,1
Clear,19.2,34,1.3,0,1,Spring,1
Storm,14.6,49,17.4,0,1,Spring,1
Snow,14.5,87,10.3,0,2,Summer,1
Cloudy,-1.9,78,11.8,0,2,Winter,1
Clear,2.6,10,7.4,0,2,Winter,1
Storm,7.8,23,13.4,1,2,Autumn,1
Clear,11.8,74,8.6,0,2,Summer,1
Clear,18.8,43,15.2,0,2,Winter,1
Storm,29.5,50,16.4,0,2,Summer,1
Storm,1.4,16,13.4,0,2,Spring,1
Storm,-4.4,69,9.8,0,2,Winter,0
Clear,13.0,84,15.6,0,2,Winter,1
Cloudy,12.3,7,9.9,1,2,Spring,1
Rain,17.1,78,2.2,0,2,Winter,0
Rain,28.3,95,2.3,0,2,Spring,1
Clear,27.1,73,19.0,0,2,Spring,1
Clear,-1.0,27,4.3,1,2,Summer,1
Cloudy,32.4,78,16.3,0,2,Autumn,1
Storm,-0.6,11,4.9,1,2,Autumn,1
Clear,20.4,42,8.6,0,2,Spring,1
Fog,21.9,81,13.1,0,2,Summer,0
Storm,22.2,36,3.2,0,2,Spring,1
Clear,5.6,87,14.7,1,2,Summer,1
Fog,8.2,62,13.8,0,2,Summer,1
Snow,16.9,92,10.9,0,2,Autumn,1
Cloudy,3.0,62,11.3,0,2,Autumn,1
Fog,-4.2,9,2.1,0,2,Summer,1
Clear,17.5,77,8.7,0,2,Autumn,1
Rain,13.6,79,1.7,0,2,Summer,1
Clear,21.3,36,6.2,0,2,Winter,0
Rain,0.9,10,18.0,0,2,Spring,1
Cloudy,28.6,89,11.5,0,2,Autumn,0
Cloudy,0.8,18,14.9,0,2,Spring,0
Storm,30.7,51,11.5,0,2,Autumn,1
Storm,13.0,17,3.9,0,2,Spring,0
Rain,17.0,93,11.9,0,2,Spring,1
Rain,30.9,31,15.1,0,2,Autumn,0
Cloudy,7.0,22,2.8,0,2,Autumn,1
Fog,2.3,11,16.3,0,2,Autumn,1
Rain,12.8,57,11.1,0,2,Autumn,1
Rain,4.8,76,0.1,0,2,Summer,0
Fog,16.1,20,10.4,0,2,Autumn,1
Storm,6.0,20,7.9,0,2,Autumn,1
Storm,29.6,92,5.9,0,2,Autumn,1
Rain,19.3,92,15.4,0,2,Winter,1
Storm,-5.0,90,18.0,0,2,Spring,1
Storm,27.2,28,15.3,0,2,Autumn,1
Snow,8.2,78,16.9,1,2,Autumn,1
Storm,7.8,46,18.2,0,2,Spring,0
Cloudy,10.3,11,18.3,1,2,Spring,0
Clear,20.2,57,2.3,0,2,Summer,1
Rain,12.7,40,9.1,1,2,Spring,1
Rain,20.1,18,0.0,0,2,Spring,1
Cloudy,0.9,11,10.1,1,2,Winter,1
Clear,33.8,22,18.5,0,2,Summer,0
Clear,24.2,4,4.0,0,2,Winter,1
Cloudy,5.0,25,12.8,0,2,Spring,1
Fog,24.0,62,12.9,1,2,Autumn,1
Fog,18.0,51,3.2,1,2,Summer,1
Clear,-0.6,9,4.8,0,2,Spring,1
Fog,2.1,85,9.2,0,2,Spring,0
Fog,-3.3,38,3.8,0,2,Autumn,0
Fog,27.4,22,11.7,0,2,Autumn,1
Clear,17.1,10,9.7,0,2,Autumn,0
Fog,7.7,91,10.4,1,2,Summer,0
Rain,0.1,94,2.7,0,2,Winter,0
Snow,14.4,71,10.3,0,2,Summer,1
Clear,16.0,47,1.0,0,2,Autumn,1
Cloudy,23.1,91,17.6,0,2,Summer,0
Fog,33.8,15,6.9,0,2,Autumn,1
Storm,12.4,45,17.1,0,2,Winter,1
Clear,11.2,46,14.0,0,2,Summer,1
Cloudy,9.8,94,15.3,0,2,Winter,1
Snow,28.1,47,6.3,0,2,Winter,1
Rain,1.3,79,4.6,0,2,Autumn,1
Cloudy,8.8,68,8.1,1,2,Summer,0
Fog,24.0,98,0.5,0,2,Summer,0
Storm,-4.4,24,18.4,1,2,Winter,0
Fog,6.6,76,7.7,0,2,Autumn,1
Cloudy,20.7,92,19.8,0,2,Winter,1
Clear,2.4,90,15.2,0,2,Winter,1
Storm,7.1,80,1.6,0,2,Winter,1
Storm,14.4,36,13.2,1,2,Winter,1
Cloudy,11.9,62,5.4,0,2,Summer,1
Snow,-0.8,28,4.9,0,2,Spring,1
Snow,32.5,57,5.1,0,2,Summer,0
Fog,-3.2,97,18.3,0,2,Autumn,1
Cloudy,25.0,93,10.0,0,2,Spring,0
Storm,-2.1,30,13.4,0,2,Winter,1
Cloudy,13.7,85,5.6,0,2,Summer,0
Storm,2.0,88,10.5,0,2,Spring,1
Fog,0.6,67,7.0,0,2,Winter,0
Clear,0.0,98,6.4,0,2,Summer,1
Clear,13.1,40,4.9,0,2,Spring,1
Cloudy,15.6,49,8.2,0,2,Summer,1
Storm,0.3,43,13.2,0,2,Spring,0
Clear,34.2,8,4.4,0,2,Autumn,1
Storm,5.3,58,19.3,0,2,Summer,1
Fog,13.4,89,2.5,1,3,Summer,1
Cloudy,3.7,90,9.6,0,3,Spring,1
Storm,14.8,26,1.7,0,3,Autumn,0
Cloudy,25.2,81,0.5,1,3,Summer,1
Storm,15.8,93,18.5,0,3,Autumn,1
Snow,6.4,58,16.2,0,3,Autumn,0
Snow,4.9,94,13.9,0,3,Summer,0
Storm,25.4,2,17.3,1,3,Winter,1
Fog,-0.3,92,16.1,1,3,Spring,0
Cloudy,9.8,6,12.9,0,3,Summer,1
Rain,1.1,81,16.9,0,3,Autumn,1
Storm,5.3,15,7.8,0,3,Spring,0
Storm,1.1,48,11.1,0,3,Summer,0
Snow,30.5,31,15.5,0,3,Spring,1
Clear,24.3,88,1.7,0,3,Spring,0
Snow,17.4,43,17.2,0,3,Autumn,1
Cloudy,4.0,95,3.1,1,3,Winter,1
Snow,15.4,18,17.3,0,3,Winter,1
Rain,15.8,2,6.2,0,3,Spring,1
Fog,18.6,59,6.5,1,3,Autumn,0
Rain,-2.6,34,1.5,1,3,Autumn,0
Fog,33.9,28,17.7,0,3,Summer,0
Rain,13.6,74,3.5,0,3,Spring,1
Snow,32.1,69,12.6,0,3,Summer,1
Rain,-4.6,82,12.9,1,3,Autumn,1
Snow,4.9,44,5.6,0,3,Spring,0
Snow,-0.8,26,19.7,0,3,Winter,1
Cloudy,25.8,68,1.3,0,3,Winter,0
Snow,7.8,89,12.2,0,3,Summer,1
Clear,28.6,34,9.6,1,3,Spring,1
Rain,28.3,18,4.9,0,3,Autumn,0
Storm,21.7,16,3.3,0,3,Summer,1
Storm,21.6,34,14.7,0,3,Winter,1
Storm,23.0,76,18.3,0,3,Autumn,1
Clear,22.0,77,2.2,0,3,Spring,1
Snow,10.5,29,3.9,1,3,Winter,1
Rain,22.3,47,19.7,1,3,Autumn,1
Fog,30.9,56,0.3,0,3,Winter,1
Fog,8.3,16,10.2,0,3,Spring,1
Cloudy,32.8,14,10.3,1,3,Summer,1
Clear,-4.5,81,5.3,0,3,Autumn,1
Rain,9.0,13,13.3,1,3,Autumn,1
Snow,0.3,13,18.9,0,3,Spring,1
Storm,0.1,44,9.0,0,3,Winter,1
Clear,27.6,96,15.0,0,3,Winter,1
Clear,31.7,37,12.9,1,3,Winter,1
Rain,26.1,62,9.5,1,3,Autumn,1
Snow,34.1,74,1.0,0,3,Autumn,1
Cloudy,3.7,10,14.8,0,3,Winter,1
Snow,0.6,47,7.3,0,3,Autumn,0
Cloudy,15.8,25,4.5,0,3,Summer,1
Cloudy,28.2,66,19.0,0,3,Spring,1
Storm,-3.4,24,15.5,0,3,Spring,0
Storm,34.8,80,19.2,0,3,Autumn,1
Rain,19.1,60,5.1,0,3,Summer,0
Snow,34.2,85,16.7,0,3,Summer,1
Cloudy,9.6,92,12.2,0,3,Winter,0
Rain,13.3,25,19.6,0,3,Spring,1
Cloudy,25.1,33,18.9,1,3,Spring,0
Clear,26.7,89,19.5,0,3,Spring,1
Fog,4.3,8,19.0,0,3,Autumn,1
Fog,32.2,39,0.2,0,3,Summer,1
Cloudy,29.7,74,14.8,1,3,Winter,1
Rain,-4.3,6,5.4,0,3,Autumn,1
Storm,0.1,29,14.1,0,3,Winter,1
Snow,14.8,65,19.6,1,3,Autumn,0
Cloudy,13.4,29,0.8,0,3,Spring,1
Cloudy,23.3,67,11.3,0,3,Winter,0
Snow,-1.4,57,14.7,0,3,Summer,1
Storm,20.8,54,5.1,1,3,Summer,1
Cloudy,19.7,13,4.5,0,3,Autumn,1
Clear,4.3,76,1.2,0,3,Spring,1
Storm,16.7,88,1.9,0,3,Autumn,1
Clear,3.9,76,13.1,0,3,Winter,1
Fog,0.9,76,10.1,1,3,Summer,1
Snow,17.9,36,0.6,0,3,Summer,1
Storm,34.1,43,19.4,0,3,Summer,0
Storm,4.5,5,13.1,1,3,Summer,1
Rain,9.2,25,10.3,0,3,Winter,1
Rain,5.3,13,5.5,0,3,Summer,1
Snow,5.7,7,13.2,0,3,Autumn,1
Storm,11.2,23,7.3,0,3,Summer,0
Fog,23.1,85,14.0,0,3,Winter,0
Cloudy,-3.4,38,13.7,0,3,Spring,0
Snow,33.3,48,1.9,0,3,Spring,1
Snow,-3.1,84,18.2,0,3,Summer,1
Rain,30.3,62,9.7,0,3,Spring,1
Fog,30.8,25,7.9,0,3,Winter,1
Snow,16.0,9,19.1,0,3,Summer,1
Fog,0.5,76,8.8,0,3,Winter,0
Snow,17.6,57,14.4,0,3,Spring,1
Rain,20.1,13,13.1,1,3,Spring,1
Cloudy,29.3,72,3.3,1,3,Summer,1
Rain,17.0,70,19.8,0,3,Spring,1
Snow,11.4,38,9.3,1,3,Summer,0
Fog,28.5,30,7.9,1,3,Summer,1
Clear,34.2,49,18.4,0,4,Autumn,1
Rain,20.8,15,10.6,0,4,Autumn,1
Fog,30.0,71,14.1,1,4,Autumn,0
Rain,18.9,50,16.9,0,4,Winter,1
Snow,22.6,14,4.7,0,4,Spring,1
Fog,22.5,88,3.4,0,4,Spring,1
Cloudy,23.2,37,1.4,0,4,Autumn,1
Fog,7.8,78,17.9,0,4,Summer,1
Storm,18.0,88,4.0,0,4,Summer,1
Clear,18.8,70,6.2,0,4,Summer,1
Snow,7.6,89,5.7,0,4,Summer,1
Fog,9.0,71,6.1,1,4,Winter,1
Snow,25.5,81,13.4,0,4,Spring,0
Rain,18.3,20,19.1,0,4,Autumn,0
Rain,1.0,15,6.6,0,4,Winter,1
Fog,28.5,66,8.2,0,4,Spring,1
Storm,30.3,64,15.4,1,4,Winter,0
Fog,13.6,12,8.6,0,4,Summer,0
Cloudy,3.4,63,18.5,0,4,Winter,1
Storm,32.9,60,10.1,0,4,Winter,0
Snow,30.3,31,7.0,0,4,Summer,1
Fog,4.8,11,19.4,0,4,Summer,1
Snow,-1.2,94,8.5,0,4,Autumn,0
Clear,12.6,40,4.6,0,4,Autumn,1
Storm,22.1,65,3.6,0,4,Spring,1
Fog,2.0,7,19.9,1,4,Autumn,1
Clear,15.5,58,15.1,0,4,Autumn,0
Fog,12.0,24,8.2,0,4,Spring,0
Cloudy,30.6,4,16.5,1,4,Winter,1
Rain,12.2,44,10.9,1,4,Winter,1
Snow,16.4,1,6.3,0,4,Winter,1
Fog,33.2,41,14.9,1,4,Summer,1
Storm,7.0,37,14.9,0,4,Spring,1
Fog,6.6,2,10.0,0,4,Winter,1
Fog,27.0,45,0.9,0,4,Autumn,1
Fog,6.1,21,1.5,0,4,Autumn,1
Fog,28.3,32,15.8,0,4,Autumn,1
Storm,-1.2,31,16.5,0,4,Spring,1
Storm,-0.5,16,13.6,0,4,Spring,1
Fog,31.1,81,16.8,1,4,Autumn,1
Rain,16.6,55,14.4,0,4,Summer,1
Fog,23.8,2,17.9,0,4,Summer,1
Snow,4.0,69,3.0,0,4,Winter,0
Snow,1.7,48,7.8,0,4,Winter,0
Storm,28.4,54,9.3,1,4,Winter,1
Snow,9.3,76,6.0,0,4,Winter,0
Snow,13.2,30,14.5,0,4,Winter,1
Cloudy,-3.9,80,18.2,0,4,Spring,1
Fog,10.4,20,8.2,1,4,Spring,0
Fog,25.8,15,18.8,0,4,Summer,1
Fog,27.9,16,10.3,0,4,Summer,0
Fog,23.0,95,10.5,0,4,Spring,1
Clear,22.7,0,12.0,1,4,Summer,1
Fog,15.2,71,5.4,0,4,Autumn,1
Storm,16.5,64,7.7,1,4,Summer,1
Storm,24.7,65,11.1,0,4,Autumn,1
Clear,4.9,36,18.8,0,4,Autumn,1
Fog,4.3,23,12.9,0,4,Winter,1
Rain,33.0,90,6.7,0,4,Summer,1
Fog,-3.9,83,0.2,1,4,Autumn,1
Storm,0.6,61,19.6,1,4,Summer,1
Cloudy,17.8,20,9.9,0,4,Summer,1
Snow,24.5,36,18.8,0,4,Spring,1
Cloudy,16.5,34,11.0,1,4,Spring,1
Rain,9.2,37,12.1,0,4,Winter,1
Fog,34.1,52,14.2,1,4,Summer,1
Clear,23.2,14,6.4,1,4,Spring,0
Fog,28.3,41,14.0,0,4,Autumn,0
Rain,-3.4,93,10.5,1,4,Autumn,1
Rain,4.4,3,13.4,0,4,Winter,1
Snow,10.0,38,16.7,0,4,Autumn,1
Rain,2.3,78,3.7,0,4,Summer,1
Cloudy,-2.1,22,12.3,0,4,Autumn,0
Snow,4.0,14,1.0,0,4,Winter,1
Fog,16.3,89,2.0,1,4,Winter,1
Fog,22.8,11,13.5,0,4,Autumn,1
Clear,26.0,81,1.4,0,4,Summer,0
Rain,-3.3,69,11.9,0,4,Spring,0
Rain,12.1,81,4.4,0,4,Summer,0
Storm,-0.1,53,6.1,0,4,Summer,1
Snow,12.2,87,2.6,0,4,Summer,0
Storm,12.4,37,5.0,0,4,Autumn,0
Snow,14.9,27,16.4,0,4,Spring,1
Cloudy,30.7,78,12.8,1,4,Summer,0
Snow,27.2,18,19.0,0,4,Spring,1
Fog,20.5,68,1.0,0,4,Winter,0
Clear,30.4,63,15.8,1,4,Spring,1
Snow,22.1,3,14.0,1,4,Autumn,1
Snow,27.8,80,5.2,0,4,Winter,0
Snow,17.6,9,14.6,0,4,Winter,1
Clear,16.0,11,14.3,1,4,Summer,1
Rain,24.0,68,9.2,0,4,Spring,1
Clear,-4.2,6,13.8,1,4,Winter,1
Rain,22.6,43,8.9,0,4,Winter,1
Fog,32.4,22,6.7,0,4,Spring,1
Clear,23.6,1,9.3,0,4,Spring,1
Rain,-3.5,93,17.9,0,5,Winter,1
Fog,10.1,36,7.7,0,5,Winter,1
Fog,27.4,68,8.1,0,5,Spring,0
Rain,33.3,19,12.2,0,5,Autumn,0
Rain,9.8,89,15.1,1,5,Spring,1
Cloudy,28.6,43,14.7,0,5,Autumn,1
Fog,29.6,69,0.4,0,5,Winter,1
Rain,-0.1,92,13.7,1,5,Summer,1
Fog,28.8,73,9.0,0,5,Spring,1
Clear,8.0,50,10.5,0,5,Winter,1
Storm,18.7,79,11.2,0,5,Winter,1
Storm,16.6,97,14.6,0,5,Summer,1
Snow,21.5,30,16.6,0,5,Spring,1
Rain,24.6,99,12.9,1,5,Winter,1
Rain,12.6,40,11.3,0,5,Autumn,1
Fog,30.5,57,7.5,0,5,Summer,1
Snow,27.4,4,2.8,0,5,Autumn,1
Rain,26.4,32,19.2,0,5,Spring,1
Fog,13.3,42,9.2,1,5,Autumn,1
Rain,-3.5,18,11.3,0,5,Summer,0
Fog,14.7,31,15.0,0,5,Winter,0
Rain,30.9,86,1.4,0,5,Summer,1
Cloudy,2.6,2,17.1,0,5,Winter,0
Fog,34.3,0,15.9,0,5,Winter,0
Cloudy,27.3,99,15.5,0,5,Autumn,0
Cloudy,23.4,40,0.4,0,5,Summer,1
Cloudy,22.1,91,10.5,1,5,Summer,1
Cloudy,18.5,47,1.1,0,5,Winter,0
Clear,23.8,38,11.0,0,5,Summer,0
Snow,11.9,4,14.4,0,5,Spring,1
Storm,28.8,76,2.4,0,5,Spring,0
Clear,22.9,10,13.9,0,5,Autumn,1
Rain,25.9,21,9.0,1,5,Autumn,1
Rain,26.7,86,16.2,0,5,Summer,1
Snow,-1.3,63,10.7,0,5,Autumn,1
Storm,-2.8,11,6.7,1,5,Summer,1
Storm,27.0,52,6.6,0,5,Autumn,1
Storm,5.4,54,17.9,0,5,Spring,1
Cloudy,18.3,52,9.1,0,5,Winter,1
Clear,12.7,20,8.1,0,5,Winter,1
Rain,-4.1,18,0.8,0,5,Spring,1
Clear,-3.4,68,7.3,0,5,Winter,1
Clear,28.1,87,17.0,0,5,Summer,0
Clear,19.3,93,15.2,0,5,Summer,1
Storm,16.0,71,4.4,1,5,Spring,1
Snow,32.8,65,8.3,1,5,Spring,0
Snow,1.9,58,3.9,0,5,Spring,1
Storm,5.3,48,19.1,0,5,Spring,1
Rain,25.3,97,12.0,0,5,Winter,1
Rain,26.0,58,15.1,0,5,Winter,1
Rain,11.2,22,14.3,0,5,Winter,1
Snow,33.0,2,17.5,0,5,Summer,0
Snow,32.5,55,19.0,0,5,Autumn,1
Clear,-4.5,57,0.6,1,5,Summer,1
Storm,1.9,87,19.5,0,5,Autumn,1
Cloudy,27.8,61,17.4,1,5,Spring,1
Clear,8.4,17,7.7,1,5,Spring,0
Fog,-1.2,60,16.7,0,5,Winter,1
Snow,26.4,36,14.7,0,5,Winter,1
Clear,13.2,53,15.9,0,5,Autumn,1
Storm,14.7,94,4.4,0,5,Autumn,0
Fog,2.5,77,13.0,0,5,Winter,1
Clear,21.4,64,0.5,0,5,Spring,1
Storm,17.0,13,17.0,0,5,Winter,1
Storm,3.3,4,19.0,0,5,Spring,1
Snow,8.6,94,13.2,1,5,Spring,1
Cloudy,18.9,94,10.3,0,5,Summer,1
Clear,32.0,93,14.5,0,5,Summer,1
Storm,31.8,99,6.5,0,5,Autumn,0
Rain,6.5,61,12.5,1,5,Spring,1
Storm,24.4,0,14.4,0,5,Winter,1
Cloudy,26.0,62,2.9,1,5,Spring,1
Storm,27.4,66,2.8,1,5,Autumn,0
Snow,17.8,19,14.3,1,5,Spring,1
Clear,-4.6,42,8.6,0,5,Spring,0
Snow,25.5,84,17.8,0,5,Autumn,1
Clear,-0.7,93,6.2,0,5,Spring,1
Fog,-0.3,41,0.8,0,5,Summer,1
Clear,19.2,93,13.0,0,5,Autumn,1
Fog,34.3,68,13.7,0,5,Summer,1
Snow,4.7,73,11.1,0,5,Autumn,0
Rain,20.8,87,13.7,0,5,Spring,0
Cloudy,7.1,38,10.5,0,5,Summer,1
Rain,30.9,61,13.9,0,5,Summer,1
Fog,18.7,47,0.9,1,5,Winter,1
Storm,3.3,5,7.4,0,5,Summer,1
Storm,5.5,73,4.2,0,5,Summer,1
Rain,12.3,41,2.0,0,5,Spring,0
Storm,-0.1,57,4.7,1,5,Summer,1
Fog,-1.9,42,3.8,1,5,Summer,0
Snow,22.2,9,19.5,0,5,Summer,1
Cloudy,11.3,88,5.7,0,5,Spring,1
Clear,24.0,77,4.6,0,5,Autumn,1
Fog,-0.6,38,16.7,0,5,Spring,0
Fog,19.4,12,8.4,1,5,Summer,1
Clear,12.7,74,8.4,0,5,Autumn,1
Clear,-2.7,38,8.9,0,6,Spring,1
Cloudy,16.8,10,8.3,0,6,Spring,0
Cloudy,-1.7,15,6.5,1,6,Autumn,1
Cloudy,28.1,32,5.7,0,6,Winter,1
Storm,20.3,59,17.6,1,6,Summer,0
Fog,17.3,95,3.2,0,6,Winter,0
Snow,0.3,58,3.6,0,6,Summer,0
Clear,6.5,73,11.4,0,6,Summer,1
Fog,14.7,50,6.9,0,6,Winter,1
Fog,20.3,14,8.4,1,6,Winter,1
Cloudy,2.3,79,16.1,1,6,Summer,1
Cloudy,-4.6,42,18.1,0,6,Autumn,0
Fog,8.8,26,15.8,0,6,Autumn,1
Cloudy,14.3,55,4.7,0,6,Winter,0
Storm,2.4,59,19.6,0,6,Winter,1
Clear,14.7,95,7.3,0,6,Spring,1
Fog,8.5,69,3.4,0,6,Autumn,0
Clear,13.2,46,10.0,1,6,Autumn,1
Storm,8.9,99,14.5,1,6,Summer,0
Cloudy,20.1,7,1.7,0,6,Spring,1
Rain,-3.3,62,12.7,1,6,Summer,1
Storm,1.8,88,17.2,0,6,Spring,1
Rain,12.3,6,5.2,0,6,Autumn,1
Clear,9.3,80,13.9,0,6,Summer,1
Fog,10.7,93,8.0,0,6,Spring,1
Cloudy,27.2,1,8.3,1,6,Summer,0
Storm,30.5,16,5.6,1,6,Spring,0
Cloudy,4.9,3,12.5,0,6,Winter,1
Rain,28.5,25,7.2,0,6,Summer,1
Rain,13.4,77,16.6,0,6,Winter,1
Snow,6.0,71,19.3,0,6,Spring,1
Fog,34.4,68,18.7,1,6,Summer,1
Rain,28.0,4,3.3,1,6,Spring,1
Fog,34.8,4,0.3,0,6,Spring,1
Snow,1.7,90,8.8,1,6,Winter,1
Storm,0.8,68,14.6,0,6,Summer,1
Snow,15.1,2,19.5,0,6,Autumn,1
Fog,20.5,37,15.7,0,6,Spring,0
Rain,1.8,93,11.6,1,6,Winter,0
Clear,29.4,0,0.5,0,6,Autumn,0
Fog,16.3,7,16.5,1,6,Winter,1
Cloudy,11.4,12,3.5,0,6,Winter,1
Clear,19.1,83,1.1,0,6,Winter,0
Fog,20.4,69,17.0,0,6,Spring,0
Cloudy,-3.3,49,11.3,1,6,Autumn,1
Snow,35.0,7,2.6,0,6,Spring,1
Clear,9.6,29,7.7,1,6,Spring,0
Fog,-2.5,39,1.7,0,6,Summer,0
Storm,29.1,78,12.8,0,6,Autumn,0
Snow,34.7,73,5.6,1,6,Summer,1
Cloudy,27.7,32,17.3,0,6,Winter,1
Storm,29.1,72,7.2,1,6,Autumn,0
Rain,20.0,51,9.9,0,6,Autumn,1
Snow,31.9,32,1.3,0,6,Spring,1
Snow,-3.6,72,5.5,1,6,Winter,1
Fog,25.7,77,13.5,1,6,Spring,1
Fog,21.8,95,14.7,0,6,Summer,1
Cloudy,-3.0,36,4.9,0,6,Winter,1
Snow,16.8,69,10.1,0,6,Spring,0
Fog,15.6,68,16.4,0,6,Spring,1
Rain,22.7,3,7.6,0,6,Spring,1
Fog,-1.9,59,2.7,0,6,Winter,1
Snow,27.2,79,8.6,1,6,Summer,1
Clear,0.6,73,12.0,1,6,Autumn,1
Storm,11.7,30,0.1,0,6,Spring,1
Snow,30.3,94,7.0,1,6,Winter,1
Rain,17.4,13,12.1,0,6,Autumn,0
Snow,10.2,76,19.0,0,6,Spring,1
Rain,-3.1,59,8.2,1,6,Winter,1
Snow,21.9,67,3.3,1,6,Summer,1
Storm,34.5,25,10.7,0,6,Spring,1
Storm,31.5,23,5.7,1,6,Winter,1
Rain,23.7,55,4.3,0,6,Spring,1
Snow,-0.8,8,11.8,1,6,Winter,0
Storm,4.6,34,18.3,0,6,Summer,1
Cloudy,2.5,78,16.7,1,6,Summer,1
Snow,9.2,23,3.6,0,6,Winter,1
Storm,4.4,30,15.3,0,6,Autumn,0
Clear,4.8,82,4.6,0,6,Summer,1
Clear,19.7,65,5.8,0,6,Spring,1
Cloudy,7.7,65,18.4,0,6,Summer,0
Storm,22.1,40,18.2,1,6,Spring,1
Clear,32.9,35,3.4,1,6,Summer,1
Snow,20.5,33,1.3,0,6,Summer,1
Fog,25.1,38,5.9,1,6,Spring,1
Storm,25.1,82,11.6,0,6,Summer,1
Cloudy,8.2,22,17.5,0,6,Spring,1
Storm,-4.4,79,2.4,1,6,Spring,1
Rain,-2.8,43,8.3,0,6,Summer,1
Rain,6.3,69,5.4,1,6,Summer,0
Clear,22.6,57,0.3,1,6,Spring,1
Rain,31.3,58,15.8,0,6,Winter,1
Cloudy,33.4,25,16.3,0,6,Summer,1
Clear,-4.0,21,4.4,0,6,Autumn,1
Cloudy,34.6,87,3.0,1,6,Summer,1
Snow,7.9,39,2.9,0,6,Winter,1
Cloudy,28.7,84,9.3,0,0,Winter,0
Rain,2.2,93,4.9,0,0,Summer,1
Snow,-2.5,10,10.2,0,0,Summer,1
Rain,10.1,8,7.7,1,0,Autumn,1
Cloudy,29.4,11,4.2,0,0,Summer,0
Rain,3.8,25,15.0,1,0,Winter,1
Rain,1.2,37,3.0,0,0,Autumn,0
Rain,31.4,2,16.0,0,0,Summer,1
Storm,32.5,96,11.2,0,0,Autumn,0
Snow,-4.5,14,16.6,1,0,Autumn,1
Snow,24.1,46,0.1,0,0,Winter,1
Snow,7.4,4,15.0,0,0,Winter,1
Cloudy,10.0,53,1.0,0,0,Spring,0
Fog,13.8,23,19.0,0,0,Winter,0
Cloudy,12.1,10,14.1,0,0,Spring,0
Snow,15.6,32,6.4,0,0,Winter,0
Clear,18.3,86,6.4,0,0,Winter,1
Rain,13.6,73,17.2,0,0,Spring,0
Rain,23.1,56,18.1,1,0,Spring,1
Fog,23.7,51,17.8,0,0,Spring,0
Clear,12.6,63,16.2,0,0,Autumn,1
Storm,0.7,42,16.4,0,0,Spring,1
Cloudy,20.6,91,11.5,0,0,Autumn,1
Storm,25.9,80,0.6,0,0,Autumn,1
Clear,20.5,43,1.7,0,0,Spring,1
Fog,18.5,89,13.0,0,0,Spring,0
Clear,4.2,88,8.0,0,0,Spring,1
Fog,20.8,35,11.3,0,0,Winter,0
Storm,8.4,11,4.6,1,0,Winter,1
Storm,31.8,55,13.0,1,0,Spring,1
Clear,21.1,2,4.9,1,0,Summer,0
Clear,6.1,49,9.2,0,0,Spring,1
Rain,13.9,28,9.6,0,0,Summer,0
Fog,28.9,87,3.6,1,0,Winter,1
Rain,8.4,82,17.5,0,0,Winter,1
Cloudy,16.0,76,10.5,0,0,Summer,1
Cloudy,22.2,15,17.3,0,0,Winter,1
Clear,25.2,39,5.3,0,0,Spring,1
Storm,2.0,26,3.4,1,0,Summer,1
Cloudy,17.6,69,0.4,1,0,Summer,1
Cloudy,31.5,41,1.9,1,0,Autumn,1
Rain,33.7,56,2.9,1,0,Winter,1
Rain,21.2,9,1.6,0,0,Summer,1
Cloudy,34.3,37,17.9,1,0,Summer,1
Clear,17.8,7,18.2,0,0,Summer,1
Rain,12.7,17,18.7,0,0,Winter,1
Cloudy,17.1,95,19.2,0,0,Summer,0
Storm,-0.4,16,9.8,1,0,Summer,1
Rain,11.1,57,10.6,1,0,Spring,1
Cloudy,13.3,65,2.6,0,0,Spring,1
Fog,28.9,43,2.7,0,0,Autumn,0
Rain,25.3,83,15.5,0,0,Summer,1
Fog,19.1,73,17.1,0,0,Winter,0
Rain,8.9,8,15.7,0,0,Autumn,0
Rain,2.5,47,16.7,1,0,Autumn,1
Snow,8.9,38,5.5,0,0,Autumn,1
Snow,22.2,88,9.3,0,0,Summer,1
Fog,5.5,88,9.2,1,0,Autumn,1
Clear,12.1,87,19.9,0,0,Winter,1
Cloudy,10.5,5,19.0,0,0,Spring,1
Clear,25.6,29,12.0,1,0,Spring,0
Clear,30.4,73,2.8,1,0,Summer,1
Snow,23.0,94,5.2,0,0,Winter,0
Cloudy,8.7,17,7.3,0,0,Winter,1
Snow,12.3,42,17.5,0,0,Winter,1
Snow,0.7,32,3.4,0,0,Summer,1
Snow,1.7,52,4.4,0,0,Winter,1
Storm,1.6,55,7.0,0,0,Spring,0
Clear,0.2,18,18.5,1,0,Winter,0
Clear,2.2,86,10.1,0,0,Winter,0
Clear,3.1,68,12.9,0,0,Summer,0
Storm,-0.5,25,7.7,0,0,Autumn,1
Rain,20.6,28,3.8,0,0,Autumn,1
Fog,34.6,23,4.5,0,0,Summer,1
Fog,30.2,5,16.1,1,0,Summer,1
Storm,-3.2,53,17.9,0,0,Summer,1
Clear,11.9,38,9.9,0,0,Summer,1
Fog,29.4,3,7.1,0,0,Winter,1
Storm,0.4,57,16.2,0,0,Winter,0
Snow,28.9,47,13.5,0,0,Autumn,1
Cloudy,18.7,59,0.8,0,0,Summer,1
Fog,32.3,25,7.0,0,0,Summer,0
Cloudy,30.0,78,13.6,0,0,Winter,1
Clear,22.1,76,11.5,1,0,Summer,1
Fog,21.3,39,19.6,0,0,Spring,0
Storm,3.5,85,17.3,0,0,Winter,1
Rain,-0.3,76,1.2,0,0,Spring,1
Fog,11.6,55,14.5,0,0,Winter,0
Fog,2.5,38,6.7,0,0,Winter,0
Fog,-0.9,80,13.6,0,0,Winter,1
Fog,7.1,99,12.3,0,0,Autumn,0
Storm,29.4,38,10.1,1,0,Autumn,1
Storm,-4.3,47,17.1,0,0,Winter,1
Rain,6.7,24,14.2,1,0,Winter,1
Storm,12.0,33,17.8,1,0,Winter,1
Storm,15.4,20,5.6,0,0,Winter,1
Clear,2.3,24,7.0,0,1,Summer,1
Clear,33.6,88,12.4,0,1,Summer,1
Cloudy,18.2,21,19.3,0,1,Summer,1
Rain,15.9,22,7.4,0,1,Autumn,1
Clear,-4.6,24,0.6,0,1,Spring,0
Rain,14.4,77,8.9,1,1,Winter,1
Rain,28.5,77,10.9,0,1,Summer,1
Fog,3.8,25,16.0,0,1,Summer,1
Snow,9.0,29,14.6,0,1,Summer,0
Snow,-4.2,89,19.3,0,1,Winter,1
Snow,34.1,37,15.7,1,1,Winter,1
Rain,-2.3,85,6.0,0,1,Spring,1
Fog,30.9,33,12.8,0,1,Autumn,1
Cloudy,7.5,88,13.4,1,1,Spring,1
Cloudy,18.5,99,20.0,1,1,Winter,1
Snow,22.2,76,2.8,1,1,Spring,1
Cloudy,0.6,92,3.8,1,1,Summer,1
Fog,12.8,72,3.1,0,1,Spring,1
Snow,8.0,14,11.8,0,1,Summer,1
Fog,-2.7,94,2.7,0,1,Spring,0
Cloudy,28.3,43,13.1,0,1,Summer,1
Snow,-3.2,90,16.1,0,1,Spring,1
Fog,21.1,94,8.7,1,1,Autumn,1
Storm,7.6,9,11.2,0,1,Spring,0
Storm,2.7,36,18.3,1,1,Winter,0
Fog,21.7,6,11.4,0,1,Winter,0
Fog,18.0,31,4.2,0,1,Summer,0
Clear,7.6,10,6.9,0,1,Winter,0
Clear,15.5,47,10.6,0,1,Summer,1
Rain,4.8,91,3.1,0,1,Autumn,1
Snow,29.5,67,12.3,0,1,Winter,0
Rain,7.6,47,20.0,0,1,Winter,1
Rain,4.8,44,13.1,1,1,Summer,1
Cloudy,25.1,94,7.4,0,1,Autumn,1
Storm,-4.3,92,6.6,0,1,Autumn,0
Cloudy,5.7,32,18.6,0,1,Spring,1
Snow,10.0,3,17.4,0,1,Summer,1
Fog,30.3,46,9.4,1,1,Summer,1
Clear,33.0,89,7.1,1,1,Autumn,1
Snow,23.7,52,14.2,1,1,Summer,0
Fog,14.7,30,6.3,0,1,Winter,1
Snow,20.6,30,2.4,0,1,Winter,1
Fog,11.6,26,6.2,1,1,Winter,1
Clear,7.0,88,8.7,1,1,Summer,1
Fog,33.0,47,5.1,1,1,Spring,1
Rain,-0.4,35,4.3,1,1,Spring,1
Snow,8.9,48,0.1,0,1,Autumn,1
Clear,31.0,30,12.6,0,1,Summer,0
Fog,23.9,43,12.3,1,1,Autumn,1
Rain,-3.8,58,3.8,1,1,Summer,0
Rain,-4.1,22,18.9,1,1,Spring,1
Storm,15.7,98,8.2,0,1,Winter,1
Rain,14.4,67,0.5,0,1,Summer,1
Cloudy,12.7,91,4.4,0,1,Spring,0
Clear,7.1,41,13.8,0,1,Spring,1
Clear,34.5,41,4.0,0,1,Spring,0
Clear,5.9,12,1.1,1,1,Winter,1
Fog,14.6,0,12.4,0,1,Spring,1
Snow,11.2,75,10.4,0,1,Autumn,1
Fog,1.8,52,15.2,0,1,Spring,1
Cloudy,3.1,39,15.5,0,1,Spring,0
Snow,31.7,89,19.2,0,1,Summer,1
Rain,29.3,45,1.1,1,1,Summer,1
Fog,3.0,86,0.8,0,1,Summer,1
Snow,30.0,21,19.7,0,1,Spring,1
Rain,3.4,51,12.9,1,1,Spring,1
Snow,20.1,27,14.3,0,1,Autumn,1
Rain,-1.7,52,1.9,0,1,Winter,1
Snow,30.2,62,1.4,0,1,Spring,1
Fog,-2.9,16,3.2,0,1,Winter,1
Fog,17.2,63,8.5,0,1,Spring,1
Cloudy,26.2,5,2.2,0,1,Winter,1
Storm,-0.3,13,8.9,1,1,Summer,0
Clear,11.2,16,11.2,0,1,Spring,1
Fog,-3.3,37,0.0,0,1,Autumn,0
Fog,22.3,68,2.3,0,1,Winter,1
Rain,7.3,12,7.5,0,1,Summer,1
Storm,17.4,52,1.1,0,1,Autumn,0
Fog,32.3,8,2.7,1,1,Summer,0
Snow,7.2,43,4.6,0,1,Spring,0
Storm,-3.1,25,8.6,0,1,Autumn,1
Clear,22.0,76,14.3,1,1,Winter,1
Snow,26.5,18,2.7,0,1,Winter,0
Rain,33.3,47,14.8,0,1,Autumn,1
Cloudy,1.3,80,17.1,0,1,Winter,1
Snow,10.7,79,13.0,0,1,Summer,1
Clear,28.8,29,0.9,0,1,Autumn,1
Snow,27.3,31,8.8,0,1,Winter,0
Storm,20.0,77,13.2,0,1,Summer,1
Storm,5.8,78,19.6,0,1,Winter,1
Clear,6.4,75,19.0,1,1,Summer,0
Storm,-0.0,74,7.9,0,1,Spring,1
Snow,31.9,68,12.3,0,1,Summer,0
Cloudy,1.9,10,17.8,0,1,Winter,1
Snow,17.9,97,16.6,0,1,Summer,1
Cloudy,18.4,82,9.6,0,1,Winter,1
Storm,9.8,25,5.2,0,2,Autumn,0
Snow,9.1,25,2.7,0,2,Autumn,1
Storm,21.7,16,9.8,0,2,Spring,0
Cloudy,10.5,94,14.5,0,2,Summer,1
Storm,5.2,82,19.4,1,2,Spring,1
Fog,11.0,43,17.2,0,2,Autumn,1
Rain,27.3,83,4.1,1,2,Summer,1
Snow,33.7,22,14.4,1,2,Summer,1
Fog,20.4,24,5.8,1,2,Spring,1
Storm,26.3,91,13.7,1,2,Spring,1
Storm,16.3,36,13.3,0,2,Summer,1
Rain,20.0,75,5.4,0,2,Summer,1
Storm,34.5,64,4.7,0,2,Summer,1
Rain,12.5,1,2.1,1,2,Spring,0
Snow,-2.3,73,1.0,0,2,Winter,0
Cloudy,33.3,97,17.2,0,2,Autumn,1
Rain,26.7,31,1.0,0,2,Autumn,1
Rain,10.9,88,1.8,0,2,Spring,1
Fog,34.3,73,4.8,0,2,Summer,1
Storm,8.8,54,17.8,0,2,Autumn,1
Snow,9.9,49,6.7,1,2,Autumn,0
Cloudy,19.4,64,3.8,1,2,Autumn,1
Clear,6.0,31,14.3,1,2,Autumn,1
Rain,22.9,36,6.4,1,2,Summer,1
Clear,1.1,75,6.7,0,2,Spring,1
Storm,-0.7,81,14.8,1,2,Summer,0
Rain,16.4,93,5.0,0,2,Summer,1
Clear,17.2,12,17.9,1,2,Autumn,1
Fog,-0.7,53,11.2,0,2,Autumn,1
Clear,33.6,2,10.8,0,2,Summer,1
Fog,17.9,84,5.3,1,2,Summer,1
Cloudy,1.0,41,16.7,0,2,Summer,1
Storm,7.5,77,11.5,0,2,Winter,1
Snow,27.0,39,3.1,0,2,Autumn,1
Clear,15.9,73,4.1,0,2,Spring,1
Rain,2.5,65,9.4,0,2,Spring,0
Storm,-0.9,59,15.6,0,2,Spring,1
Clear,12.2,10,18.8,0,2,Winter,1
Rain,8.5,0,13.3,0,2,Winter,0
Rain,21.2,25,10.1,0,2,Spring,1
Snow,32.0,41,5.0,0,2,Spring,0
Snow,4.9,61,13.5,0,2,Spring,1
Rain,29.2,60,19.6,0,2,Summer,1
Snow,31.8,76,9.5,0,2,Autumn,0
Rain,31.1,91,3.2,0,2,Winter,0
Clear,33.1,99,2.1,1,2,Winter,0
Cloudy,28.7,84,5.4,1,2,Summer,1
Snow,18.7,61,11.4,1,2,Winter,1
Fog,11.4,73,18.9,0,2,Spring,1
Fog,14.7,11,6.0,0,2,Winter,0
Fog,29.9,26,6.1,0,2,Summer,1
Cloudy,7.1,66,9.6,0,2,Autumn,1
Rain,1.4,27,18.4,1,2,Spring,0
Rain,0.6,65,8.4,0,2,Winter,1
Storm,28.1,27,4.5,0,2,Spring,1
Fog,25.5,94,3.3,0,2,Autumn,1
Fog,14.9,20,9.1,0,2,Winter,0
Rain,6.0,6,16.0,0,2,Spring,0
Fog,22.1,94,5.8,0,2,Summer,1
Rain,-3.5,13,10.3,0,2,Summer,1
Rain,17.7,38,12.1,0,2,Autumn,0
Snow,10.9,72,9.0,0,2,Autumn,1
Rain,34.1,86,3.8,1,2,Autumn,1
Clear,15.3,61,18.4,1,2,Winter,1
Clear,17.1,11,11.3,1,2,Autumn,1
Clear,23.5,92,14.6,0,2,Winter,0
Clear,14.4,37,12.7,0,2,Spring,0
Cloudy,4.0,57,20.0,1,2,Summer,1
Storm,16.5,55,9.1,0,2,Spring,1
Storm,32.8,38,8.5,0,2,Summer,0
Rain,11.4,85,7.2,0,2,Autumn,0
Fog,22.2,3,7.2,0,2,Spring,1
Clear,34.1,47,5.5,0,2,Spring,1
Storm,28.2,6,19.6,1,2,Autumn,1
Storm,21.4,59,17.4,0,2,Spring,1
Clear,24.4,39,6.3,0,2,Winter,1
Cloudy,32.5,7,6.1,0,2,Summer,0
Cloudy,33.4,57,2.1,0,2,Autumn,1
Storm,33.8,56,17.5,0,2,Winter,1
Cloudy,20.0,34,7.4,0,2,Winter,1
Snow,10.4,72,11.5,0,2,Autumn,1
Clear,0.3,12,18.0,1,2,Spring,0
Storm,10.4,38,8.2,0,2,Summer,0
Clear,32.7,83,16.1,0,2,Winter,1
Cloudy,30.6,20,8.6,0,2,Spring,1
Clear,15.9,46,14.0,0,2,Autumn,1
Cloudy,16.5,82,8.6,0,2,Autumn,0
Cloudy,7.4,1,7.9,0,2,Summer,0
Clear,13.2,43,19.8,1,2,Autumn,1
Cloudy,23.6,29,12.2,0,2,Summer,0
Snow,11.1,86,7.3,0,2,Autumn,1
Rain,2.5,54,5.2,0,2,Autumn,1
Clear,16.6,39,0.8,1,2,Winter,1
Rain,4.0,76,14.1,0,2,Spring,1
Clear,34.0,96,7.4,0,2,Winter,1
Cloudy,10.6,95,16.4,1,2,Summer,1
Cloudy,31.4,91,7.3,0,3,Winter,0
Storm,4.0,23,7.5,0,3,Autumn,1
Snow,2.6,41,15.6,0,3,Autumn,0
Storm,19.7,27,9.8,1,3,Spring,1
Rain,26.2,93,17.7,1,3,Summer,1
Cloudy,17.7,92,11.8,1,3,Autumn,1
Storm,4.2,97,4.8,1,3,Spring,1
Cloudy,-3.5,50,11.4,0,3,Spring,1
Clear,19.7,21,0.1,0,3,Autumn,1
Storm,0.2,88,6.2,0,3,Autumn,1
Rain,8.7,77,4.2,1,3,Summer,1
Storm,22.0,73,13.1,0,3,Spring,1
Cloudy,-1.1,73,2.7,1,3,Spring,0
Fog,0.1,7,5.8,0,3,Spring,1
Fog,-2.5,13,6.6,1,3,Summer,1
Snow,34.8,44,0.1,0,3,Spring,1
Cloudy,10.5,37,0.9,1,3,Winter,1
Clear,31.2,31,6.2,0,3,Winter,1
Storm,6.7,61,4.4,0,3,Spring,1
Fog,25.1,95,2.3,0,3,Winter,1
Clear,3.8,66,3.1,0,3,Winter,0
Cloudy,14.9,83,16.7,0,3,Summer,1
Clear,28.0,60,13.7,1,3,Spring,0
Cloudy,27.7,12,9.7,0,3,Summer,1
Snow,26.8,86,18.2,0,3,Spring,1
Storm,27.9,82,0.6,0,3,Autumn,1
Clear,3.5,79,6.9,0,3,Winter,1
Storm,14.3,99,16.5,1,3,Summer,0
Clear,14.4,98,12.6,1,3,Summer,1
Cloudy,30.6,46,19.6,1,3,Autumn,1
Cloudy,6.9,53,18.9,0,3,Autumn,1
Clear,32.3,70,3.4,0,3,Winter,1
Snow,13.0,51,19.4,0,3,Winter,1
Cloudy,21.8,71,18.9,0,3,Spring,1
Rain,5.8,24,7.5,1,3,Spring,1
Rain,11.4,22,19.7,0,3,Autumn,1
Storm,23.4,73,0.7,0,3,Winter,0
Rain,15.5,29,13.2,1,3,Winter,1
Rain,32.2,96,5.3,0,3,Autumn,1
Snow,24.5,10,2.6,0,3,Autumn,1
Snow,17.6,34,11.6,1,3,Summer,1
Fog,30.5,26,6.1,0,3,Autumn,1
Fog,21.6,66,13.3,1,3,Summer,1
Snow,20.9,46,10.8,0,3,Spring,1
Fog,4.9,49,7.9,0,3,Autumn,1
Snow,10.8,7,3.6,0,3,Autumn,1
Fog,22.3,54,12.0,0,3,Autumn,1
Cloudy,30.7,76,16.6,0,3,Summer,1
Snow,7.6,41,12.0,0,3,Autumn,1
Storm,3.6,66,12.2,0,3,Autumn,1
Storm,18.7,19,10.2,0,3,Winter,1
Snow,-2.3,44,7.8,0,3,Winter,1
Rain,23.6,34,9.1,0,3,Winter,1
Storm,23.1,76,19.8,1,3,Autumn,0
Rain,9.2,19,15.0,1,3,Winter,1
Storm,30.7,23,8.6,0,3,Spring,1
Clear,15.1,56,9.1,0,3,Winter,1
Clear,20.8,54,10.0,0,3,Autumn,1
Snow,3.4,8,13.2,0,3,Winter,1
Storm,11.7,93,9.3,0,3,Winter,0
Cloudy,29.5,88,13.7,0,3,Winter,0
Rain,3.5,15,6.6,0,3,Spring,1
Storm,10.6,54,8.2,0,3,Spring,0
Snow,7.7,71,17.3,1,3,Summer,0
Rain,1.0,57,6.6,0,3,Autumn,1
Fog,6.6,63,19.3,0,3,Spring,1
Snow,4.3,91,3.5,1,3,Spring,1
Storm,31.9,75,4.8,1,3,Spring,1
Cloudy,24.6,87,9.3,0,3,Autumn,0
Fog,7.6,48,15.9,1,3,Summer,1
Snow,25.5,28,14.6,0,3,Autumn,1
Storm,-4.1,78,3.5,0,3,Winter,1
Clear,16.1,81,4.7,0,3,Summer,1
Storm,5.0,6,11.5,1,3,Winter,1
Clear,-0.4,76,5.9,0,3,Spring,0
Clear,30.4,82,8.4,0,3,Autumn,0
Snow,3.0,68,9.7,0,3,Winter,1
Storm,27.9,89,11.9,0,3,Summer,0
Storm,11.5,1,5.0,0,3,Winter,1
Clear,-4.4,32,3.3,0,3,Winter,1
Rain,24.3,47,8.0,0,3,Spring,1
Fog,18.9,36,1.6,0,3,Winter,1
Cloudy,8.8,88,10.5,0,3,Winter,1
Storm,6.3,88,16.8,1,3,Spring,0
Fog,-2.1,29,2.4,0,3,Summer,1
Fog,32.7,40,2.3,0,3,Spring,1
Rain,14.8,3,1.6,1,3,Winter,0
Fog,-1.6,82,17.0,0,3,Autumn,1
Storm,29.7,90,1.6,0,3,Spring,1
Snow,6.2,38,19.7,0,3,Spring,0
Snow,3.1,23,7.2,0,3,Winter,1
Fog,6.2,49,6.6,0,3,Autumn,0
Storm,17.6,36,1.8,0,3,Summer,0
Storm,-2.0,52,11.7,0,3,Autumn,1
Clear,14.3,24,11.7,0,3,Spring,0
Rain,30.8,92,9.9,0,3,Autumn,1
Cloudy,2.5,30,6.2,1,4,Summer,0
Clear,8.2,98,7.4,1,4,Autumn,1
Cloudy,10.8,91,6.4,0,4,Autumn,1
Storm,18.4,37,8.5,0,4,Autumn,0
Snow,31.8,57,6.8,0,4,Spring,1
Clear,10.8,52,13.5,0,4,Winter,1
Fog,-2.2,49,5.9,1,4,Winter,1
Fog,8.9,3,7.0,0,4,Autumn,1
Cloudy,2.6,91,8.7,0,4,Spring,1
Storm,21.1,51,0.1,0,4,Spring,0
Snow,-3.8,30,9.8,0,4,Spring,0
Cloudy,6.7,86,5.1,0,4,Winter,1
Snow,16.8,77,1.1,0,4,Spring,0
Rain,6.1,91,18.2,0,4,Autumn,0
Snow,17.0,13,6.4,1,4,Winter,1
Fog,-0.4,0,8.5,0,4,Spring,1
Clear,32.7,42,16.5,1,4,Autumn,1
Clear,6.6,95,3.3,1,4,Winter,0
Clear,31.9,58,17.0,0,4,Spring,1
Snow,8.0,60,4.8,0,4,Summer,1
Fog,26.3,40,11.8,0,4,Autumn,0
Snow,4.8,17,13.7,0,4,Summer,1
Storm,21.8,59,18.1,0,4,Winter,1
Fog,7.9,68,12.2,0,4,Spring,1
Fog,15.4,78,9.1,0,4,Autumn,1
Snow,22.0,58,11.4,1,4,Autumn,1
Snow,18.6,41,4.0,1,4,Autumn,1
Clear,18.1,79,13.8,0,4,Summer,0
Fog,-2.4,99,3.7,0,4,Spring,1
Clear,5.0,35,11.1,1,4,Spring,0
Storm,17.9,39,13.0,0,4,Spring,1
Rain,-4.3,29,18.0,0,4,Summer,1
Clear,5.0,86,9.0,0,4,Winter,1
Snow,4.2,10,15.5,1,4,Summer,1
Cloudy,5.0,24,3.4,0,4,Winter,1
Rain,16.4,44,3.1,0,4,Summer,0
Storm,18.3,50,10.5,0,4,Spring,1
Snow,31.4,42,11.9,1,4,Spring,0
Rain,10.4,65,12.6,1,4,Spring,0
Snow,32.1,98,14.9,0,4,Summer,1
Clear,21.1,46,5.9,1,4,Autumn,1
Snow,31.5,23,12.5,0,4,Summer,1
Storm,28.3,76,3.8,0,4,Winter,1
Cloudy,22.5,36,4.4,1,4,Summer,0
Clear,9.2,55,1.3,0,4,Winter,1
Clear,4.6,93,14.9,0,4,Summer,0
Storm,3.9,74,10.1,0,4,Autumn,1
Storm,33.1,86,4.8,1,4,Autumn,1
Rain,33.3,45,11.1,1,4,Spring,1
Cloudy,24.0,27,7.1,1,4,Autumn,0
Snow,30.4,92,16.7,0,4,Summer,0
Rain,31.8,51,10.6,1,4,Autumn,1
Snow,15.5,14,0.6,0,4,Spring,1
Snow,20.2,44,19.7,0,4,Summer,0
Snow,11.8,57,1.5,1,4,Winter,1
Rain,11.7,66,13.9,0,4,Summer,1
Clear,-3.5,72,8.7,0,4,Spring,0
Storm,12.4,71,5.0,0,4,Autumn,1
Clear,21.9,96,13.5,0,4,Autumn,1
Cloudy,11.9,97,2.5,0,4,Summer,1
Rain,29.9,72,17.2,0,4,Winter,1
Cloudy,8.3,80,5.0,0,4,Winter,1
Storm,0.3,40,7.2,0,4,Winter,1
Storm,27.5,64,12.7,1,4,Winter,1
Fog,22.0,39,0.0,0,4,Summer,1
Cloudy,4.7,4,9.5,0,4,Autumn,1
Clear,16.5,93,17.9,0,4,Winter,1
Cloudy,11.1,74,13.6,1,4,Summer,1
Rain,32.6,27,7.8,0,4,Summer,1
Storm,19.3,37,13.2,0,4,Summer,1
Storm,1.3,80,18.7,1,4,Winter,1
Cloudy,15.1,86,3.8,0,4,Winter,1
Cloudy,29.5,17,10.6,1,4,Summer,1
Snow,21.9,36,4.7,0,4,Summer,1
Cloudy,28.7,26,17.1,0,4,Summer,1
Snow,5.0,24,14.4,0,4,Autumn,1
Rain,30.5,68,16.0,0,4,Autumn,1
Rain,25.2,82,18.9,1,4,Spring,1
Clear,24.2,26,4.6,1,4,Spring,1
Cloudy,8.9,76,1.0,1,4,Winter,1
Clear,30.5,53,5.8,1,4,Autumn,1
Fog,20.5,6,8.0,1,4,Spring,0
Rain,29.1,89,12.5,0,4,Summer,1
Storm,9.4,77,16.0,1,4,Summer,1
Snow,0.8,26,7.0,0,4,Winter,0
Fog,8.3,58,9.5,0,4,Winter,0
Storm,13.2,71,15.7,0,4,Spring,1
Fog,16.3,30,4.5,1,4,Summer,1
Clear,15.4,98,4.3,0,4,Winter,1
Clear,16.8,90,11.8,1,4,Winter,0
Snow,28.7,67,8.7,0,4,Autumn,1
Rain,1.8,3,19.0,1,4,Spring,0
Snow,7.6,17,7.1,1,4,Winter,1
Storm,30.5,62,15.2,0,4,Spring,1
Fog,17.4,86,11.7,1,4,Summer,1
Snow,18.3,95,1.1,0,4,Spring,1
Cloudy,14.1,75,1.7,0,5,Winter,1
Cloudy,17.0,51,4.1,1,5,Autumn,1
Rain,2.9,83,2.9,0,5,Spring,1
Snow,16.9,62,6.6,0,5,Spring,1
Storm,34.9,44,11.6,0,5,Summer,0
Cloudy,17.6,11,12.0,0,5,Autumn,1
Rain,-3.2,7,11.8,0,5,Spring,0
Snow,26.9,21,2.4,0,5,Autumn,1
Rain,10.9,90,12.0,1,5,Winter,1
Storm,1.1,40,8.2,0,5,Autumn,1
Cloudy,29.5,40,18.1,0,5,Winter,1
Cloudy,2.9,80,18.2,1,5,Summer,1
Cloudy,31.8,56,15.4,1,5,Summer,1
Clear,12.7,31,14.1,1,5,Summer,1
Cloudy,24.7,96,2.3,0,5,Winter,1
Fog,16.9,94,1.7,0,5,Spring,1
Clear,5.3,54,16.8,0,5,Winter,1
Snow,21.8,5,8.5,0,5,Autumn,0
Clear,33.3,38,9.0,1,5,Autumn,1
Clear,25.8,8,17.0,0,5,Winter,1
Clear,19.2,31,12.4,0,5,Summer,1
Rain,34.6,35,3.6,0,5,Summer,0
Fog,5.6,15,4.2,0,5,Autumn,1
Storm,-2.5,11,0.1,0,5,Autumn,1
Cloudy,-3.7,40,14.2,1,5,Spring,1
Clear,23.4,66,9.7,0,5,Spring,0
Storm,28.2,57,19.0,0,5,Spring,1
Rain,20.4,90,14.3,0,5,Autumn,0
Storm,31.2,90,2.1,0,5,Spring,1
Clear,22.9,8,3.2,0,5,Autumn,1
Snow,9.8,16,10.0,0,5,Autumn,0
Fog,2.3,4,18.5,0,5,Winter,1
Storm,32.0,25,4.9,1,5,Spring,1
Clear,-0.9,84,16.5,0,5,Winter,1
Clear,16.7,0,6.2,0,5,Winter,1
Cloudy,7.6,0,5.4,0,5,Spring,1
Snow,5.9,34,18.0,0,5,Autumn,1
Cloudy,20.8,8,0.9,0,5,Autumn,0
Snow,4.2,86,13.2,0,5,Autumn,1
Fog,31.7,37,0.9,0,5,Spring,1
Cloudy,11.2,3,16.0,0,5,Autumn,1
Fog,22.1,51,16.6,0,5,Winter,1
Rain,24.1,18,17.9,0,5,Summer,1
Rain,22.3,4,3.7,0,5,Spring,1
Snow,31.1,91,2.5,1,5,Summer,0
Snow,4.2,47,10.1,0,5,Winter,1
Cloudy,-1.6,86,5.4,0,5,Summer,1
Rain,-2.8,62,12.1,1,5,Winter,1
Storm,30.1,37,10.3,0,5,Summer,1
Storm,33.9,51,2.9,0,5,Summer,1
Storm,7.1,86,14.8,1,5,Autumn,1
Rain,22.7,45,16.1,0,5,Summer,1
Storm,-4.6,81,19.3,1,5,Winter,1
Fog,2.5,92,7.9,0,5,Winter,1
Clear,22.6,91,6.8,0,5,Winter,0
Snow,-2.4,8,3.8,0,5,Spring,1
Cloudy,13.7,49,3.6,0,5,Winter,1
Fog,21.5,73,6.4,0,5,Spring,1
Storm,25.6,65,19.6,0,5,Winter,1
Clear,13.2,76,1.8,0,5,Spring,1
Cloudy,20.2,37,5.2,0,5,Summer,1
Fog,16.6,26,1.7,0,5,Summer,0
Cloudy,-2.9,19,5.5,1,5,Winter,1
Snow,24.7,61,1.8,1,5,Spring,1
Rain,1.9,73,10.2,1,5,Autumn,1
Storm,-3.7,15,8.8,0,5,Autumn,1
Fog,13.0,78,3.5,0,5,Autumn,1
Fog,29.6,12,3.5,0,5,Summer,1
Clear,1.0,19,12.5,0,5,Summer,1
Clear,-4.5,23,7.7,0,5,Spring,1
Clear,-0.6,49,1.1,0,5,Winter,1
Cloudy,9.5,6,18.4,0,5,Summer,0
Storm,18.2,86,8.1,0,5,Winter,1
Cloudy,2.7,87,11.8,0,5,Autumn,0
Storm,27.1,28,17.7,0,5,Autumn,1
Fog,25.1,4,8.0,0,5,Winter,1
Cloudy,22.8,34,16.4,0,5,Spring,1
Cloudy,14.5,64,18.3,0,5,Autumn,0
Cloudy,9.6,99,3.5,1,5,Spring,1
Rain,10.0,81,17.8,0,5,Autumn,1
Snow,15.1,69,2.4,1,5,Summer,1
Storm,-1.9,86,5.5,0,5,Autumn,1
Storm,22.3,73,16.2,0,5,Spring,1
Cloudy,9.1,6,18.0,0,5,Summer,1
Rain,4.0,43,13.7,1,5,Autumn,0
Cloudy,6.1,71,2.1,0,5,Summer,0
Storm,2.2,12,10.5,0,5,Summer,1
Snow,31.1,93,11.5,0,5,Autumn,1
Snow,1.8,81,5.6,0,5,Winter,1
Fog,30.3,77,19.8,0,5,Winter,1
Rain,17.9,74,6.7,0,5,Spring,1
Snow,29.7,37,4.2,0,5,Spring,1
Rain,14.0,12,2.2,0,5,Autumn,1
Cloudy,32.1,53,7.6,1,5,Summer,0
Fog,3.5,43,13.9,0,5,Summer,1
Storm,17.2,96,4.6,0,5,Winter,1
Snow,0.0,12,15.4,1,6,Winter,1
Snow,12.9,24,2.7,0,6,Summer,1
Clear,17.8,23,8.8,0,6,Summer,1
Storm,19.2,28,14.0,0,6,Spring,1
